day,time_hour,voltage_V,current_A,power_factor,power_W,energy_kWh,cumulative_energy_kWh,demand_level,grid_load,peak_hour,price_rs_per_kWh
1,0,232,0.32,0.84,62.36,0.062,0.062,2,0.04,0,7.9
1,1,232,0.3,0.81,56.38,0.056,0.118,1,0.04,0,7.4
1,2,228,0.36,0.85,69.77,0.07,0.188,3,0.05,0,8.5
1,3,232,0.34,0.83,65.47,0.065,0.253,1,0.04,0,7.4
1,4,231,0.29,0.86,57.61,0.058,0.311,1,0.04,0,7.4
1,5,228,0.35,0.83,66.23,0.066,0.377,1,0.04,0,7.4
1,6,230,0.45,0.88,91.08,0.091,0.468,3,0.06,0,8.6
1,7,228,0.59,0.88,118.38,0.118,0.586,2,0.08,0,8.3
1,8,230,0.64,0.87,128.06,0.128,0.714,2,0.09,0,8.4
1,9,228,0.67,0.89,135.96,0.136,0.85,2,0.09,0,8.4
1,10,228,0.71,0.9,145.69,0.146,0.996,5,0.1,0,10.0
1,11,229,0.83,0.9,171.06,0.171,1.167,4,0.11,0,9.6
1,12,232,0.85,0.9,177.48,0.177,1.344,4,0.12,0,9.7
1,13,232,0.88,0.9,183.74,0.184,1.528,6,0.12,0,10.7
1,14,228,0.93,0.92,195.08,0.195,1.723,5,0.13,0,10.3
1,15,228,1.02,0.92,213.96,0.214,1.937,6,0.14,0,10.9
1,16,225,1.04,0.91,212.94,0.213,2.15,4,0.14,0,9.9
1,17,227,1.19,0.94,253.92,0.254,2.404,8,0.17,1,12.2
1,18,225,1.21,0.94,255.91,0.256,2.66,7,0.17,1,11.7
1,19,224,1.44,0.97,312.88,0.313,2.973,10,0.21,1,13.6
1,20,228,1.39,0.95,301.07,0.301,3.274,9,0.2,1,13.0
1,21,227,1.23,0.96,268.04,0.268,3.542,7,0.18,1,11.8
1,22,226,0.97,0.92,201.68,0.202,3.744,6,0.13,0,10.8
1,23,227,0.73,0.89,147.48,0.147,3.891,5,0.1,0,10.0
2,0,230,0.29,0.83,55.36,0.055,0.055,3,0.04,0,8.4
2,1,231,0.32,0.83,61.35,0.061,0.116,1,0.04,0,7.4
2,2,231,0.33,0.82,62.51,0.063,0.179,1,0.04,0,7.4
2,3,231,0.31,0.83,59.44,0.059,0.238,3,0.04,0,8.4
2,4,230,0.33,0.86,65.27,0.065,0.303,2,0.04,0,7.9
2,5,232,0.39,0.84,76.0,0.076,0.379,2,0.05,0,8.0
2,6,228,0.48,0.85,93.02,0.093,0.472,1,0.06,0,7.6
2,7,227,0.54,0.88,107.87,0.108,0.58,2,0.07,0,8.2
2,8,226,0.64,0.86,124.39,0.124,0.704,2,0.08,0,8.3
2,9,230,0.65,0.88,131.56,0.132,0.836,2,0.09,0,8.4
2,10,228,0.71,0.88,142.45,0.142,0.978,2,0.09,0,8.4
2,11,229,0.76,0.9,156.64,0.157,1.135,5,0.1,0,10.0
2,12,229,0.88,0.89,179.35,0.179,1.314,5,0.12,0,10.2
2,13,230,0.86,0.9,178.02,0.178,1.492,5,0.12,0,10.2
2,14,227,0.96,0.91,198.31,0.198,1.69,4,0.13,0,9.8
2,15,230,0.95,0.95,207.57,0.208,1.898,5,0.14,0,10.4
2,16,229,1.04,0.95,226.25,0.226,2.124,8,0.15,0,12.0
2,17,228,1.11,0.95,240.43,0.24,2.364,7,0.16,1,11.6
2,18,225,1.21,0.93,253.19,0.253,2.617,8,0.17,1,12.2
2,19,223,1.43,0.94,299.76,0.3,2.917,9,0.2,1,13.0
2,20,226,1.34,0.94,284.67,0.285,3.202,8,0.19,1,12.4
2,21,228,1.22,0.95,264.25,0.264,3.466,7,0.18,1,11.8
2,22,229,0.95,0.93,202.32,0.202,3.668,6,0.13,0,10.8
2,23,229,0.77,0.9,158.7,0.159,3.827,4,0.11,0,9.6
3,0,229,0.3,0.84,57.71,0.058,0.058,2,0.04,0,7.9
3,1,229,0.32,0.83,60.82,0.061,0.119,2,0.04,0,7.9
3,2,232,0.34,0.85,67.05,0.067,0.186,3,0.04,0,8.4
3,3,230,0.27,0.86,53.41,0.053,0.239,1,0.04,0,7.4
3,4,232,0.26,0.87,52.48,0.052,0.291,1,0.03,0,7.3
3,5,228,0.38,0.86,74.51,0.075,0.366,1,0.05,0,7.5
3,6,231,0.42,0.85,82.47,0.082,0.448,1,0.05,0,7.5
3,7,230,0.58,0.85,113.39,0.113,0.561,1,0.08,0,7.8
3,8,229,0.66,0.86,129.98,0.13,0.691,3,0.09,0,8.9
3,9,229,0.66,0.87,131.49,0.131,0.822,1,0.09,0,7.9
3,10,228,0.67,0.87,132.9,0.133,0.955,2,0.09,0,8.4
3,11,229,0.79,0.92,166.44,0.166,1.121,5,0.11,0,10.1
3,12,230,0.88,0.9,182.16,0.182,1.303,6,0.12,0,10.7
3,13,230,0.88,0.93,188.23,0.188,1.491,4,0.13,0,9.8
3,14,229,0.94,0.91,195.89,0.196,1.687,6,0.13,0,10.8
3,15,230,0.99,0.93,211.76,0.212,1.899,6,0.14,0,10.9
3,16,228,1.03,0.94,220.75,0.221,2.12,8,0.15,0,12.0
3,17,227,1.15,0.96,250.61,0.251,2.371,7,0.17,1,11.7
3,18,228,1.28,0.97,283.08,0.283,2.654,8,0.19,1,12.4
3,19,227,1.35,0.94,288.06,0.288,2.942,8,0.19,1,12.4
3,20,227,1.33,0.97,292.85,0.293,3.235,10,0.2,1,13.5
3,21,226,1.19,0.94,252.8,0.253,3.488,8,0.17,1,12.2
3,22,229,1.0,0.92,210.68,0.211,3.699,4,0.14,0,9.9
3,23,228,0.77,0.89,156.25,0.156,3.855,6,0.1,0,10.5
4,0,230,0.26,0.84,50.23,0.05,0.05,2,0.03,0,7.8
4,1,230,0.31,0.81,57.75,0.058,0.108,2,0.04,0,7.9
4,2,232,0.34,0.84,66.26,0.066,0.174,3,0.04,0,8.4
4,3,231,0.35,0.84,67.91,0.068,0.242,2,0.05,0,8.0
4,4,232,0.29,0.84,56.52,0.057,0.299,1,0.04,0,7.4
4,5,231,0.38,0.85,74.61,0.075,0.374,3,0.05,0,8.5
4,6,230,0.43,0.87,86.04,0.086,0.46,2,0.06,0,8.1
4,7,227,0.52,0.86,101.51,0.102,0.562,1,0.07,0,7.7
4,8,230,0.61,0.88,123.46,0.123,0.685,2,0.08,0,8.3
4,9,231,0.68,0.89,139.8,0.14,0.825,3,0.09,0,8.9
4,10,228,0.7,0.91,145.24,0.145,0.97,6,0.1,0,10.5
4,11,230,0.76,0.9,157.32,0.157,1.127,6,0.1,0,10.5
4,12,230,0.81,0.93,173.26,0.173,1.3,5,0.12,0,10.2
4,13,231,0.9,0.91,189.19,0.189,1.489,5,0.13,0,10.3
4,14,230,0.87,0.91,182.09,0.182,1.671,5,0.12,0,10.2
4,15,226,1.03,0.93,216.49,0.216,1.887,6,0.14,0,10.9
4,16,227,1.03,0.95,222.12,0.222,2.109,7,0.15,0,11.5
4,17,226,1.18,0.93,248.01,0.248,2.357,7,0.17,1,11.7
4,18,227,1.2,0.93,253.33,0.253,2.61,7,0.17,1,11.7
4,19,227,1.45,0.94,309.4,0.309,2.919,10,0.21,1,13.6
4,20,228,1.32,0.96,288.92,0.289,3.208,8,0.19,1,12.4
4,21,228,1.24,0.95,268.58,0.269,3.477,8,0.18,1,12.3
4,22,230,0.98,0.93,209.62,0.21,3.687,5,0.14,0,10.4
4,23,229,0.74,0.88,149.12,0.149,3.836,4,0.1,0,9.5
5,0,232,0.32,0.84,62.36,0.062,0.062,2,0.04,0,7.9
5,1,230,0.29,0.82,54.69,0.055,0.117,1,0.04,0,7.4
5,2,232,0.29,0.83,55.84,0.056,0.173,2,0.04,0,7.9
5,3,233,0.35,0.86,70.13,0.07,0.243,2,0.05,0,8.0
5,4,232,0.28,0.85,55.22,0.055,0.298,1,0.04,0,7.4
5,5,229,0.35,0.84,67.33,0.067,0.365,3,0.04,0,8.4
5,6,231,0.49,0.86,97.34,0.097,0.462,3,0.06,0,8.6
5,7,227,0.59,0.88,117.86,0.118,0.58,3,0.08,0,8.8
5,8,227,0.64,0.87,126.39,0.126,0.706,1,0.08,0,7.8
5,9,229,0.7,0.87,139.46,0.139,0.845,3,0.09,0,8.9
5,10,232,0.73,0.9,152.42,0.152,0.997,4,0.1,0,9.5
5,11,229,0.73,0.88,147.11,0.147,1.144,5,0.1,0,10.0
5,12,232,0.86,0.91,181.56,0.182,1.326,5,0.12,0,10.2
5,13,232,0.9,0.92,192.1,0.192,1.518,5,0.13,0,10.3
5,14,230,0.95,0.93,203.21,0.203,1.721,4,0.14,0,9.9
5,15,227,0.98,0.93,206.89,0.207,1.928,6,0.14,0,10.9
5,16,226,1.05,0.91,215.94,0.216,2.144,6,0.14,0,10.9
5,17,225,1.14,0.94,241.11,0.241,2.385,8,0.16,1,12.1
5,18,227,1.28,0.94,273.13,0.273,2.658,8,0.18,1,12.3
5,19,224,1.42,0.95,302.18,0.302,2.96,9,0.2,1,13.0
5,20,225,1.37,0.96,295.92,0.296,3.256,9,0.2,1,13.0
5,21,227,1.15,0.95,248.0,0.248,3.504,8,0.17,1,12.2
5,22,226,1.03,0.91,211.83,0.212,3.716,4,0.14,0,9.9
5,23,228,0.72,0.9,147.74,0.148,3.864,5,0.1,0,10.0
6,0,230,0.24,0.84,46.37,0.046,0.046,2,0.03,0,7.8
6,1,228,0.27,0.85,52.33,0.052,0.098,2,0.03,0,7.8
6,2,228,0.32,0.85,62.02,0.062,0.16,1,0.04,0,7.4
6,3,232,0.29,0.86,57.86,0.058,0.218,1,0.04,0,7.4
6,4,234,0.33,0.84,64.86,0.065,0.283,1,0.04,0,7.4
6,5,231,0.38,0.86,75.49,0.075,0.358,2,0.05,0,8.0
6,6,227,0.47,0.85,90.69,0.091,0.449,2,0.06,0,8.1
6,7,227,0.52,0.86,101.51,0.102,0.551,3,0.07,0,8.7
6,8,226,0.67,0.89,134.76,0.135,0.686,3,0.09,0,8.9
6,9,231,0.7,0.89,143.91,0.144,0.83,5,0.1,0,10.0
6,10,230,0.75,0.9,155.25,0.155,0.985,5,0.1,0,10.0
6,11,231,0.75,0.89,154.19,0.154,1.139,4,0.1,0,9.5
6,12,231,0.84,0.9,174.64,0.175,1.314,6,0.12,0,10.7
6,13,230,0.91,0.92,192.56,0.193,1.507,6,0.13,0,10.8
6,14,231,0.9,0.92,191.27,0.191,1.698,5,0.13,0,10.3
6,15,230,1.01,0.93,216.04,0.216,1.914,4,0.14,0,9.9
6,16,229,1.03,0.93,219.36,0.219,2.133,7,0.15,0,11.5
6,17,226,1.14,0.93,239.61,0.24,2.373,8,0.16,1,12.1
6,18,227,1.25,0.95,269.56,0.27,2.643,7,0.18,1,11.8
6,19,223,1.4,0.96,299.71,0.3,2.943,10,0.2,1,13.5
6,20,225,1.32,0.96,285.12,0.285,3.228,7,0.19,1,11.9
6,21,229,1.16,0.94,249.7,0.25,3.478,7,0.17,1,11.7
6,22,227,1.01,0.9,206.34,0.206,3.684,4,0.14,0,9.9
6,23,227,0.74,0.9,151.18,0.151,3.835,6,0.1,0,10.5
7,0,230,0.32,0.82,60.35,0.06,0.06,1,0.04,0,7.4
7,1,232,0.31,0.83,59.69,0.06,0.12,3,0.04,0,8.4
7,2,230,0.29,0.84,56.03,0.056,0.176,2,0.04,0,7.9
7,3,230,0.26,0.86,51.43,0.051,0.227,3,0.03,0,8.3
7,4,232,0.34,0.86,67.84,0.068,0.295,2,0.05,0,8.0
7,5,231,0.38,0.85,74.61,0.075,0.37,3,0.05,0,8.5
7,6,230,0.4,0.86,79.12,0.079,0.449,2,0.05,0,8.0
7,7,227,0.5,0.88,99.88,0.1,0.549,1,0.07,0,7.7
7,8,228,0.62,0.87,122.98,0.123,0.672,2,0.08,0,8.3
7,9,230,0.72,0.89,147.38,0.147,0.819,5,0.1,0,10.0
7,10,232,0.72,0.88,147.0,0.147,0.966,5,0.1,0,10.0
7,11,232,0.82,0.92,175.02,0.175,1.141,4,0.12,0,9.7
7,12,232,0.89,0.91,187.9,0.188,1.329,4,0.13,0,9.8
7,13,231,0.87,0.9,180.87,0.181,1.51,5,0.12,0,10.2
7,14,229,0.89,0.94,191.58,0.192,1.702,4,0.13,0,9.8
7,15,226,1.01,0.92,210.0,0.21,1.912,5,0.14,0,10.4
7,16,226,1.08,0.94,229.44,0.229,2.141,8,0.15,0,12.0
7,17,228,1.2,0.94,257.18,0.257,2.398,7,0.17,1,11.7
7,18,224,1.29,0.94,271.62,0.272,2.67,7,0.18,1,11.8
7,19,224,1.4,0.94,294.78,0.295,2.965,9,0.2,1,13.0
7,20,224,1.37,0.96,294.6,0.295,3.26,9,0.2,1,13.0
7,21,226,1.18,0.93,248.01,0.248,3.508,8,0.17,1,12.2
7,22,228,0.99,0.92,207.66,0.208,3.716,4,0.14,0,9.9
7,23,227,0.71,0.9,145.05,0.145,3.861,5,0.1,0,10.0
8,0,230,0.27,0.84,52.16,0.052,0.052,1,0.03,0,7.3
8,1,231,0.34,0.82,64.4,0.064,0.116,3,0.04,0,8.4
8,2,228,0.32,0.86,62.75,0.063,0.179,3,0.04,0,8.4
8,3,229,0.33,0.85,64.23,0.064,0.243,1,0.04,0,7.4
8,4,232,0.27,0.86,53.87,0.054,0.297,2,0.04,0,7.9
8,5,231,0.35,0.83,67.11,0.067,0.364,1,0.04,0,7.4
8,6,229,0.49,0.85,95.38,0.095,0.459,2,0.06,0,8.1
8,7,227,0.58,0.88,115.86,0.116,0.575,2,0.08,0,8.3
8,8,229,0.65,0.89,132.48,0.132,0.707,1,0.09,0,7.9
8,9,229,0.69,0.88,139.05,0.139,0.846,1,0.09,0,7.9
8,10,232,0.71,0.89,146.6,0.147,0.993,5,0.1,0,10.0
8,11,231,0.8,0.91,168.17,0.168,1.161,4,0.11,0,9.6
8,12,230,0.83,0.91,173.72,0.174,1.335,5,0.12,0,10.2
8,13,230,0.92,0.92,194.67,0.195,1.53,6,0.13,0,10.8
8,14,230,0.88,0.91,184.18,0.184,1.714,5,0.12,0,10.2
8,15,229,0.99,0.91,206.31,0.206,1.92,6,0.14,0,10.9
8,16,228,1.06,0.91,219.93,0.22,2.14,8,0.15,0,12.0
8,17,225,1.2,0.92,248.4,0.248,2.388,7,0.17,1,11.7
8,18,224,1.24,0.95,263.87,0.264,2.652,7,0.18,1,11.8
8,19,223,1.44,0.95,305.06,0.305,2.957,10,0.2,1,13.5
8,20,228,1.33,0.93,282.01,0.282,3.239,7,0.19,1,11.9
8,21,226,1.21,0.94,257.05,0.257,3.496,7,0.17,1,11.7
8,22,230,0.97,0.93,207.48,0.207,3.703,5,0.14,0,10.4
8,23,229,0.72,0.88,145.09,0.145,3.848,6,0.1,0,10.5
9,0,232,0.28,0.8,51.97,0.052,0.052,1,0.03,0,7.3
9,1,232,0.34,0.81,63.89,0.064,0.116,1,0.04,0,7.4
9,2,231,0.28,0.84,54.33,0.054,0.17,3,0.04,0,8.4
9,3,232,0.35,0.83,67.4,0.067,0.237,2,0.04,0,7.9
9,4,230,0.29,0.85,56.69,0.057,0.294,3,0.04,0,8.4
9,5,229,0.36,0.84,69.25,0.069,0.363,3,0.05,0,8.5
9,6,228,0.49,0.85,94.96,0.095,0.458,1,0.06,0,7.6
9,7,229,0.53,0.88,106.81,0.107,0.565,1,0.07,0,7.7
9,8,228,0.69,0.87,136.87,0.137,0.702,1,0.09,0,7.9
9,9,228,0.69,0.87,136.87,0.137,0.839,2,0.09,0,8.4
9,10,228,0.67,0.9,137.48,0.137,0.976,3,0.09,0,8.9
9,11,232,0.76,0.9,158.69,0.159,1.135,6,0.11,0,10.6
9,12,230,0.81,0.89,165.81,0.166,1.301,4,0.11,0,9.6
9,13,232,0.89,0.91,187.9,0.188,1.489,6,0.13,0,10.8
9,14,231,0.93,0.9,193.35,0.193,1.682,5,0.13,0,10.3
9,15,228,0.96,0.93,203.56,0.204,1.886,6,0.14,0,10.9
9,16,227,1.08,0.94,230.45,0.23,2.116,7,0.15,0,11.5
9,17,224,1.18,0.94,248.46,0.248,2.364,8,0.17,1,12.2
9,18,224,1.29,0.95,274.51,0.275,2.639,7,0.18,1,11.8
9,19,227,1.43,0.97,314.87,0.315,2.954,9,0.21,1,13.1
9,20,226,1.32,0.93,277.44,0.277,3.231,7,0.18,1,11.8
9,21,229,1.16,0.93,247.05,0.247,3.478,7,0.16,1,11.6
9,22,226,0.98,0.92,203.76,0.204,3.682,5,0.14,0,10.4
9,23,230,0.76,0.91,159.07,0.159,3.841,6,0.11,0,10.6
10,0,233,0.32,0.83,61.88,0.062,0.062,2,0.04,0,7.9
10,1,228,0.33,0.83,62.45,0.062,0.124,3,0.04,0,8.4
10,2,230,0.35,0.84,67.62,0.068,0.192,2,0.05,0,8.0
10,3,230,0.27,0.86,53.41,0.053,0.245,2,0.04,0,7.9
10,4,231,0.35,0.85,68.72,0.069,0.314,2,0.05,0,8.0
10,5,231,0.31,0.83,59.44,0.059,0.373,1,0.04,0,7.4
10,6,229,0.4,0.88,80.61,0.081,0.454,3,0.05,0,8.5
10,7,227,0.51,0.88,101.88,0.102,0.556,2,0.07,0,8.2
10,8,226,0.66,0.86,128.28,0.128,0.684,2,0.09,0,8.4
10,9,229,0.64,0.89,130.44,0.13,0.814,1,0.09,0,7.9
10,10,231,0.7,0.88,142.3,0.142,0.956,1,0.09,0,7.9
10,11,229,0.8,0.89,163.05,0.163,1.119,4,0.11,0,9.6
10,12,229,0.84,0.89,171.2,0.171,1.29,5,0.11,0,10.1
10,13,229,0.9,0.9,185.49,0.185,1.475,4,0.12,0,9.7
10,14,230,0.88,0.9,182.16,0.182,1.657,6,0.12,0,10.7
10,15,229,0.96,0.92,202.25,0.202,1.859,6,0.13,0,10.8
10,16,228,1.1,0.92,230.74,0.231,2.09,7,0.15,0,11.5
10,17,226,1.16,0.92,241.19,0.241,2.331,7,0.16,1,11.6
10,18,228,1.21,0.96,264.84,0.265,2.596,8,0.18,1,12.3
10,19,225,1.45,0.94,306.67,0.307,2.903,9,0.2,1,13.0
10,20,224,1.36,0.97,295.5,0.295,3.198,10,0.2,1,13.5
10,21,228,1.16,0.93,245.97,0.246,3.444,7,0.16,1,11.6
10,22,227,0.98,0.91,202.44,0.202,3.646,4,0.13,0,9.8
10,23,230,0.71,0.92,150.24,0.15,3.796,4,0.1,0,9.5
11,0,232,0.23,0.83,44.29,0.044,0.044,2,0.03,0,7.8
11,1,229,0.25,0.82,46.95,0.047,0.091,1,0.03,0,7.3
11,2,232,0.3,0.84,58.46,0.058,0.149,3,0.04,0,8.4
11,3,232,0.32,0.82,60.88,0.061,0.21,2,0.04,0,7.9
11,4,234,0.27,0.87,54.97,0.055,0.265,2,0.04,0,7.9
11,5,229,0.32,0.84,61.56,0.062,0.327,2,0.04,0,7.9
11,6,227,0.43,0.88,85.9,0.086,0.413,1,0.06,0,7.6
11,7,228,0.55,0.86,107.84,0.108,0.521,3,0.07,0,8.7
11,8,226,0.62,0.87,121.9,0.122,0.643,1,0.08,0,7.8
11,9,228,0.69,0.89,140.01,0.14,0.783,3,0.09,0,8.9
11,10,232,0.7,0.87,141.29,0.141,0.924,1,0.09,0,7.9
11,11,228,0.83,0.92,174.1,0.174,1.098,6,0.12,0,10.7
11,12,230,0.88,0.92,186.21,0.186,1.284,5,0.12,0,10.2
11,13,228,0.84,0.93,178.11,0.178,1.462,4,0.12,0,9.7
11,14,227,0.94,0.94,200.58,0.201,1.663,5,0.13,0,10.3
11,15,228,1.0,0.91,207.48,0.207,1.87,4,0.14,0,9.9
11,16,228,1.09,0.94,233.61,0.234,2.104,7,0.16,0,11.6
11,17,224,1.18,0.92,243.17,0.243,2.347,7,0.16,1,11.6
11,18,228,1.29,0.95,279.41,0.279,2.626,8,0.19,1,12.4
11,19,227,1.39,0.97,306.06,0.306,2.932,9,0.2,1,13.0
11,20,226,1.37,0.97,300.33,0.3,3.232,10,0.2,1,13.5
11,21,227,1.19,0.93,251.22,0.251,3.483,7,0.17,1,11.7
11,22,228,1.03,0.91,213.7,0.214,3.697,4,0.14,0,9.9
11,23,229,0.79,0.89,161.01,0.161,3.858,4,0.11,0,9.6
12,0,230,0.31,0.81,57.75,0.058,0.058,3,0.04,0,8.4
12,1,230,0.31,0.82,58.47,0.058,0.116,1,0.04,0,7.4
12,2,228,0.28,0.84,53.63,0.054,0.17,2,0.04,0,7.9
12,3,231,0.32,0.85,62.83,0.063,0.233,2,0.04,0,7.9
12,4,230,0.31,0.83,59.18,0.059,0.292,1,0.04,0,7.4
12,5,231,0.32,0.86,63.57,0.064,0.356,1,0.04,0,7.4
12,6,227,0.49,0.87,96.77,0.097,0.453,1,0.06,0,7.6
12,7,227,0.53,0.87,104.67,0.105,0.558,1,0.07,0,7.7
12,8,228,0.62,0.89,125.81,0.126,0.684,2,0.08,0,8.3
12,9,231,0.66,0.88,134.16,0.134,0.818,2,0.09,0,8.4
12,10,230,0.75,0.87,150.07,0.15,0.968,4,0.1,0,9.5
12,11,230,0.74,0.9,153.18,0.153,1.121,6,0.1,0,10.5
12,12,229,0.83,0.91,172.96,0.173,1.294,5,0.12,0,10.2
12,13,229,0.85,0.92,179.08,0.179,1.473,4,0.12,0,9.7
12,14,229,0.97,0.92,204.36,0.204,1.677,6,0.14,0,10.9
12,15,227,1.01,0.94,215.51,0.216,1.893,4,0.14,0,9.9
12,16,229,1.05,0.95,228.43,0.228,2.121,8,0.15,0,12.0
12,17,227,1.19,0.95,256.62,0.257,2.378,8,0.17,1,12.2
12,18,227,1.23,0.94,262.46,0.262,2.64,8,0.17,1,12.2
12,19,227,1.36,0.95,293.28,0.293,2.933,9,0.2,1,13.0
12,20,224,1.31,0.96,281.7,0.282,3.215,8,0.19,1,12.4
12,21,226,1.2,0.95,257.64,0.258,3.473,7,0.17,1,11.7
12,22,228,1.04,0.9,213.41,0.213,3.686,4,0.14,0,9.9
12,23,231,0.71,0.89,145.97,0.146,3.832,5,0.1,0,10.0
13,0,230,0.24,0.83,45.82,0.046,0.046,2,0.03,0,7.8
13,1,229,0.29,0.83,55.12,0.055,0.101,1,0.04,0,7.4
13,2,228,0.31,0.83,58.66,0.059,0.16,3,0.04,0,8.4
13,3,230,0.32,0.83,61.09,0.061,0.221,2,0.04,0,7.9
13,4,234,0.33,0.85,65.64,0.066,0.287,1,0.04,0,7.4
13,5,230,0.41,0.87,82.04,0.082,0.369,2,0.05,0,8.0
13,6,228,0.42,0.85,81.4,0.081,0.45,1,0.05,0,7.5
13,7,230,0.55,0.87,110.06,0.11,0.56,3,0.07,0,8.7
13,8,228,0.66,0.87,130.92,0.131,0.691,1,0.09,0,7.9
13,9,229,0.66,0.87,131.49,0.131,0.822,3,0.09,0,8.9
13,10,231,0.73,0.9,151.77,0.152,0.974,5,0.1,0,10.0
13,11,229,0.78,0.91,162.54,0.163,1.137,5,0.11,0,10.1
13,12,229,0.85,0.91,177.13,0.177,1.314,6,0.12,0,10.7
13,13,229,0.92,0.89,187.51,0.188,1.502,6,0.13,0,10.8
13,14,229,0.9,0.91,187.55,0.188,1.69,5,0.13,0,10.3
13,15,226,0.97,0.95,208.26,0.208,1.898,6,0.14,0,10.9
13,16,226,1.07,0.94,227.31,0.227,2.125,8,0.15,0,12.0
13,17,226,1.2,0.93,252.22,0.252,2.377,7,0.17,1,11.7
13,18,227,1.21,0.95,260.94,0.261,2.638,7,0.17,1,11.7
13,19,224,1.36,0.95,289.41,0.289,2.927,8,0.19,1,12.4
13,20,224,1.3,0.94,273.73,0.274,3.201,8,0.18,1,12.3
13,21,225,1.16,0.92,240.12,0.24,3.441,8,0.16,1,12.1
13,22,229,0.98,0.91,204.22,0.204,3.645,6,0.14,0,10.9
13,23,231,0.77,0.9,160.08,0.16,3.805,5,0.11,0,10.1
14,0,233,0.27,0.83,52.22,0.052,0.052,2,0.03,0,7.8
14,1,231,0.33,0.83,63.27,0.063,0.115,3,0.04,0,8.4
14,2,230,0.29,0.84,56.03,0.056,0.171,2,0.04,0,7.9
14,3,231,0.3,0.83,57.52,0.058,0.229,1,0.04,0,7.4
14,4,230,0.31,0.85,60.6,0.061,0.29,3,0.04,0,8.4
14,5,229,0.37,0.84,71.17,0.071,0.361,3,0.05,0,8.5
14,6,231,0.43,0.88,87.41,0.087,0.448,1,0.06,0,7.6
14,7,228,0.51,0.89,103.49,0.103,0.551,3,0.07,0,8.7
14,8,228,0.69,0.87,136.87,0.137,0.688,2,0.09,0,8.4
14,9,230,0.7,0.9,144.9,0.145,0.833,4,0.1,0,9.5
14,10,231,0.67,0.88,136.2,0.136,0.969,1,0.09,0,7.9
14,11,229,0.81,0.9,166.94,0.167,1.136,5,0.11,0,10.1
14,12,231,0.87,0.92,184.89,0.185,1.321,5,0.12,0,10.2
14,13,229,0.85,0.9,175.19,0.175,1.496,4,0.12,0,9.7
14,14,229,0.87,0.93,185.28,0.185,1.681,5,0.12,0,10.2
14,15,228,1.02,0.92,213.96,0.214,1.895,5,0.14,0,10.4
14,16,227,1.09,0.94,232.58,0.233,2.128,7,0.16,0,11.6
14,17,225,1.12,0.94,236.88,0.237,2.365,7,0.16,1,11.6
14,18,228,1.22,0.95,264.25,0.264,2.629,7,0.18,1,11.8
14,19,225,1.36,0.95,290.7,0.291,2.92,7,0.19,1,11.9
14,20,227,1.34,0.94,285.93,0.286,3.206,8,0.19,1,12.4
14,21,226,1.23,0.94,261.3,0.261,3.467,7,0.17,1,11.7
14,22,229,1.01,0.94,217.41,0.217,3.684,6,0.14,0,10.9
14,23,228,0.77,0.88,154.49,0.154,3.838,6,0.1,0,10.5
15,0,230,0.32,0.82,60.35,0.06,0.06,3,0.04,0,8.4
15,1,229,0.26,0.82,48.82,0.049,0.109,1,0.03,0,7.3
15,2,229,0.34,0.85,66.18,0.066,0.175,3,0.04,0,8.4
15,3,229,0.35,0.86,68.93,0.069,0.244,2,0.05,0,8.0
15,4,232,0.28,0.84,54.57,0.055,0.299,1,0.04,0,7.4
15,5,228,0.37,0.84,70.86,0.071,0.37,3,0.05,0,8.5
15,6,231,0.45,0.86,89.4,0.089,0.459,3,0.06,0,8.6
15,7,229,0.57,0.87,113.56,0.114,0.573,2,0.08,0,8.3
15,8,228,0.64,0.87,126.95,0.127,0.7,2,0.08,0,8.3
15,9,227,0.64,0.88,127.85,0.128,0.828,2,0.09,0,8.4
15,10,229,0.7,0.88,141.06,0.141,0.969,1,0.09,0,7.9
15,11,231,0.81,0.89,166.53,0.167,1.136,4,0.11,0,9.6
15,12,233,0.9,0.9,188.73,0.189,1.325,6,0.13,0,10.8
15,13,231,0.92,0.9,191.27,0.191,1.516,5,0.13,0,10.3
15,14,228,0.92,0.94,197.17,0.197,1.713,6,0.13,0,10.8
15,15,228,1.0,0.93,212.04,0.212,1.925,5,0.14,0,10.4
15,16,225,1.01,0.92,209.07,0.209,2.134,6,0.14,0,10.9
15,17,228,1.18,0.92,247.52,0.248,2.382,7,0.17,1,11.7
15,18,225,1.27,0.97,277.18,0.277,2.659,8,0.18,1,12.3
15,19,225,1.4,0.95,299.25,0.299,2.958,9,0.2,1,13.0
15,20,226,1.35,0.97,295.95,0.296,3.254,9,0.2,1,13.0
15,21,227,1.23,0.96,268.04,0.268,3.522,8,0.18,1,12.3
15,22,230,1.0,0.92,211.6,0.212,3.734,5,0.14,0,10.4
15,23,231,0.73,0.9,151.77,0.152,3.886,4,0.1,0,9.5
16,0,232,0.26,0.82,49.46,0.049,0.049,3,0.03,0,8.3
16,1,229,0.27,0.82,50.7,0.051,0.1,2,0.03,0,7.8
16,2,232,0.34,0.83,65.47,0.065,0.165,3,0.04,0,8.4
16,3,233,0.36,0.84,70.46,0.07,0.235,1,0.05,0,7.5
16,4,231,0.29,0.85,56.94,0.057,0.292,1,0.04,0,7.4
16,5,228,0.33,0.84,63.2,0.063,0.355,2,0.04,0,7.9
16,6,227,0.5,0.87,98.75,0.099,0.454,3,0.07,0,8.7
16,7,230,0.57,0.85,111.43,0.111,0.565,1,0.07,0,7.7
16,8,230,0.63,0.88,127.51,0.128,0.693,1,0.09,0,7.9
16,9,227,0.7,0.87,138.24,0.138,0.831,3,0.09,0,8.9
16,10,230,0.73,0.88,147.75,0.148,0.979,5,0.1,0,10.0
16,11,231,0.82,0.91,172.37,0.172,1.151,6,0.11,0,10.6
16,12,229,0.85,0.89,173.24,0.173,1.324,6,0.12,0,10.7
16,13,229,0.84,0.92,176.97,0.177,1.501,6,0.12,0,10.7
16,14,228,0.96,0.93,203.56,0.204,1.705,5,0.14,0,10.4
16,15,227,0.94,0.95,202.71,0.203,1.908,6,0.14,0,10.9
16,16,229,1.06,0.93,225.75,0.226,2.134,8,0.15,0,12.0
16,17,226,1.13,0.93,237.5,0.237,2.371,7,0.16,1,11.6
16,18,225,1.23,0.95,262.91,0.263,2.634,7,0.18,1,11.8
16,19,227,1.44,0.95,310.54,0.311,2.945,9,0.21,1,13.1
16,20,228,1.31,0.94,280.76,0.281,3.226,7,0.19,1,11.9
16,21,226,1.24,0.92,257.82,0.258,3.484,8,0.17,1,12.2
16,22,228,1.03,0.93,218.4,0.218,3.702,7,0.15,0,11.5
16,23,231,0.75,0.89,154.19,0.154,3.856,4,0.1,0,9.5
17,0,230,0.31,0.81,57.75,0.058,0.058,1,0.04,0,7.4
17,1,228,0.28,0.81,51.71,0.052,0.11,3,0.03,0,8.3
17,2,228,0.34,0.86,66.67,0.067,0.177,1,0.04,0,7.4
17,3,231,0.34,0.83,65.19,0.065,0.242,1,0.04,0,7.4
17,4,232,0.33,0.86,65.84,0.066,0.308,2,0.04,0,7.9
17,5,228,0.36,0.85,69.77,0.07,0.378,3,0.05,0,8.5
17,6,231,0.44,0.85,86.39,0.086,0.464,3,0.06,0,8.6
17,7,230,0.57,0.86,112.75,0.113,0.577,1,0.08,0,7.8
17,8,230,0.6,0.88,121.44,0.121,0.698,1,0.08,0,7.8
17,9,229,0.7,0.89,142.67,0.143,0.841,6,0.1,0,10.5
17,10,228,0.74,0.87,146.79,0.147,0.988,5,0.1,0,10.0
17,11,230,0.74,0.91,154.88,0.155,1.143,5,0.1,0,10.0
17,12,229,0.84,0.91,175.05,0.175,1.318,4,0.12,0,9.7
17,13,231,0.87,0.9,180.87,0.181,1.499,6,0.12,0,10.7
17,14,230,0.87,0.9,180.09,0.18,1.679,6,0.12,0,10.7
17,15,228,0.96,0.91,199.18,0.199,1.878,5,0.13,0,10.3
17,16,226,1.08,0.94,229.44,0.229,2.107,8,0.15,0,12.0
17,17,224,1.17,0.94,246.36,0.246,2.353,8,0.16,1,12.1
17,18,225,1.27,0.93,265.75,0.266,2.619,7,0.18,1,11.8
17,19,227,1.37,0.97,301.66,0.302,2.921,10,0.2,1,13.5
17,20,226,1.32,0.94,280.42,0.28,3.201,8,0.19,1,12.4
17,21,228,1.25,0.94,267.9,0.268,3.469,7,0.18,1,11.8
17,22,227,1.04,0.9,212.47,0.212,3.681,4,0.14,0,9.9
17,23,230,0.78,0.88,157.87,0.158,3.839,5,0.11,0,10.1
18,0,229,0.28,0.81,51.94,0.052,0.052,3,0.03,0,8.3
18,1,230,0.35,0.81,65.2,0.065,0.117,3,0.04,0,8.4
18,2,231,0.37,0.85,72.65,0.073,0.19,1,0.05,0,7.5
18,3,232,0.29,0.83,55.84,0.056,0.246,2,0.04,0,7.9
18,4,234,0.33,0.83,64.09,0.064,0.31,1,0.04,0,7.4
18,5,229,0.35,0.84,67.33,0.067,0.377,3,0.04,0,8.4
18,6,231,0.49,0.85,96.21,0.096,0.473,1,0.06,0,7.6
18,7,228,0.56,0.86,109.8,0.11,0.583,2,0.07,0,8.2
18,8,227,0.64,0.87,126.39,0.126,0.709,2,0.08,0,8.3
18,9,230,0.72,0.9,149.04,0.149,0.858,5,0.1,0,10.0
18,10,229,0.76,0.9,156.64,0.157,1.015,6,0.1,0,10.5
18,11,229,0.76,0.9,156.64,0.157,1.172,4,0.1,0,9.5
18,12,233,0.84,0.9,176.15,0.176,1.348,4,0.12,0,9.7
18,13,229,0.93,0.9,191.67,0.192,1.54,6,0.13,0,10.8
18,14,231,0.93,0.92,197.64,0.198,1.738,4,0.13,0,9.8
18,15,226,0.94,0.95,201.82,0.202,1.94,5,0.13,0,10.3
18,16,228,1.01,0.94,216.46,0.216,2.156,4,0.14,0,9.9
18,17,227,1.12,0.95,241.53,0.242,2.398,8,0.16,1,12.1
18,18,228,1.21,0.97,267.6,0.268,2.666,7,0.18,1,11.8
18,19,225,1.38,0.96,298.08,0.298,2.964,10,0.2,1,13.5
18,20,227,1.35,0.93,285.0,0.285,3.249,8,0.19,1,12.4
18,21,225,1.25,0.95,267.19,0.267,3.516,8,0.18,1,12.3
18,22,226,1.03,0.91,211.83,0.212,3.728,5,0.14,0,10.4
18,23,228,0.76,0.92,159.42,0.159,3.887,4,0.11,0,9.6
19,0,229,0.3,0.83,57.02,0.057,0.057,2,0.04,0,7.9
19,1,230,0.35,0.82,66.01,0.066,0.123,2,0.04,0,7.9
19,2,232,0.34,0.83,65.47,0.065,0.188,2,0.04,0,7.9
19,3,233,0.33,0.86,66.13,0.066,0.254,1,0.04,0,7.4
19,4,234,0.32,0.85,63.65,0.064,0.318,3,0.04,0,8.4
19,5,230,0.33,0.83,63.0,0.063,0.381,1,0.04,0,7.4
19,6,231,0.45,0.86,89.4,0.089,0.47,2,0.06,0,8.1
19,7,230,0.52,0.85,101.66,0.102,0.572,3,0.07,0,8.7
19,8,228,0.66,0.89,133.93,0.134,0.706,3,0.09,0,8.9
19,9,227,0.73,0.87,144.17,0.144,0.85,5,0.1,0,10.0
19,10,232,0.74,0.87,149.36,0.149,0.999,5,0.1,0,10.0
19,11,230,0.74,0.9,153.18,0.153,1.152,4,0.1,0,9.5
19,12,232,0.87,0.93,187.71,0.188,1.34,5,0.13,0,10.3
19,13,230,0.87,0.9,180.09,0.18,1.52,6,0.12,0,10.7
19,14,228,0.89,0.92,186.69,0.187,1.707,5,0.12,0,10.2
19,15,226,0.96,0.94,203.94,0.204,1.911,5,0.14,0,10.4
19,16,226,1.0,0.94,212.44,0.212,2.123,6,0.14,0,10.9
19,17,225,1.15,0.92,238.05,0.238,2.361,7,0.16,1,11.6
19,18,228,1.3,0.96,284.54,0.285,2.646,7,0.19,1,11.9
19,19,226,1.45,0.94,308.04,0.308,2.954,10,0.21,1,13.6
19,20,228,1.39,0.95,301.07,0.301,3.255,10,0.2,1,13.5
19,21,228,1.15,0.95,249.09,0.249,3.504,7,0.17,1,11.7
19,22,227,1.03,0.94,219.78,0.22,3.724,7,0.15,0,11.5
19,23,227,0.77,0.88,153.82,0.154,3.878,4,0.1,0,9.5
20,0,229,0.27,0.82,50.7,0.051,0.051,3,0.03,0,8.3
20,1,232,0.27,0.82,51.36,0.051,0.102,1,0.03,0,7.3
20,2,229,0.36,0.82,67.6,0.068,0.17,1,0.05,0,7.5
20,3,233,0.3,0.83,58.02,0.058,0.228,3,0.04,0,8.4
20,4,233,0.29,0.85,57.43,0.057,0.285,2,0.04,0,7.9
20,5,229,0.39,0.86,76.81,0.077,0.362,1,0.05,0,7.5
20,6,227,0.49,0.86,95.66,0.096,0.458,2,0.06,0,8.1
20,7,230,0.59,0.87,118.06,0.118,0.576,2,0.08,0,8.3
20,8,226,0.68,0.86,132.16,0.132,0.708,3,0.09,0,8.9
20,9,227,0.66,0.88,131.84,0.132,0.84,3,0.09,0,8.9
20,10,230,0.7,0.89,143.29,0.143,0.983,4,0.1,0,9.5
20,11,229,0.79,0.89,161.01,0.161,1.144,4,0.11,0,9.6
20,12,231,0.89,0.93,191.2,0.191,1.335,6,0.13,0,10.8
20,13,230,0.86,0.89,176.04,0.176,1.511,6,0.12,0,10.7
20,14,230,0.95,0.94,205.39,0.205,1.716,5,0.14,0,10.4
20,15,227,0.93,0.95,200.55,0.201,1.917,5,0.13,0,10.3
20,16,225,1.07,0.94,226.3,0.226,2.143,8,0.15,0,12.0
20,17,224,1.11,0.95,236.21,0.236,2.379,7,0.16,1,11.6
20,18,226,1.29,0.93,271.13,0.271,2.65,7,0.18,1,11.8
20,19,225,1.38,0.97,301.19,0.301,2.951,9,0.2,1,13.0
20,20,225,1.34,0.96,289.44,0.289,3.24,8,0.19,1,12.4
20,21,226,1.19,0.95,255.49,0.255,3.495,8,0.17,1,12.2
20,22,226,1.02,0.9,207.47,0.207,3.702,6,0.14,0,10.9
20,23,229,0.76,0.88,153.16,0.153,3.855,5,0.1,0,10.0
21,0,230,0.29,0.8,53.36,0.053,0.053,2,0.04,0,7.9
21,1,232,0.33,0.83,63.54,0.064,0.117,1,0.04,0,7.4
21,2,229,0.28,0.85,54.5,0.054,0.171,1,0.04,0,7.4
21,3,233,0.36,0.84,70.46,0.07,0.241,3,0.05,0,8.5
21,4,233,0.34,0.86,68.13,0.068,0.309,3,0.05,0,8.5
21,5,231,0.36,0.86,71.52,0.072,0.381,3,0.05,0,8.5
21,6,228,0.49,0.87,97.2,0.097,0.478,3,0.06,0,8.6
21,7,226,0.54,0.88,107.4,0.107,0.585,2,0.07,0,8.2
21,8,226,0.67,0.87,131.74,0.132,0.717,2,0.09,0,8.4
21,9,228,0.65,0.88,130.42,0.13,0.847,1,0.09,0,7.9
21,10,229,0.69,0.89,140.63,0.141,0.988,3,0.09,0,8.9
21,11,232,0.75,0.92,160.08,0.16,1.148,4,0.11,0,9.6
21,12,229,0.82,0.91,170.88,0.171,1.319,5,0.11,0,10.1
21,13,230,0.86,0.93,183.95,0.184,1.503,4,0.12,0,9.7
21,14,228,0.91,0.92,190.88,0.191,1.694,6,0.13,0,10.8
21,15,229,1.01,0.95,219.73,0.22,1.914,8,0.15,0,12.0
21,16,228,1.04,0.93,220.52,0.221,2.135,7,0.15,0,11.5
21,17,226,1.12,0.93,235.4,0.235,2.37,8,0.16,1,12.1
21,18,228,1.27,0.95,275.08,0.275,2.645,8,0.18,1,12.3
21,19,224,1.37,0.97,297.67,0.298,2.943,10,0.2,1,13.5
21,20,228,1.31,0.94,280.76,0.281,3.224,8,0.19,1,12.4
21,21,228,1.2,0.95,259.92,0.26,3.484,7,0.17,1,11.7
21,22,230,1.04,0.91,217.67,0.218,3.702,7,0.15,0,11.5
21,23,229,0.72,0.9,148.39,0.148,3.85,4,0.1,0,9.5
22,0,233,0.29,0.82,55.41,0.055,0.055,1,0.04,0,7.4
22,1,230,0.28,0.83,53.45,0.053,0.108,2,0.04,0,7.9
22,2,230,0.3,0.85,58.65,0.059,0.167,1,0.04,0,7.4
22,3,232,0.26,0.85,51.27,0.051,0.218,2,0.03,0,7.8
22,4,234,0.34,0.84,66.83,0.067,0.285,1,0.04,0,7.4
22,5,230,0.38,0.85,74.29,0.074,0.359,2,0.05,0,8.0
22,6,227,0.47,0.85,90.69,0.091,0.45,1,0.06,0,7.6
22,7,226,0.58,0.86,112.73,0.113,0.563,3,0.08,0,8.8
22,8,230,0.65,0.88,131.56,0.132,0.695,3,0.09,0,8.9
22,9,230,0.65,0.89,133.06,0.133,0.828,2,0.09,0,8.4
22,10,228,0.75,0.9,153.9,0.154,0.982,5,0.1,0,10.0
22,11,232,0.78,0.88,159.24,0.159,1.141,6,0.11,0,10.6
22,12,233,0.87,0.91,184.47,0.184,1.325,4,0.12,0,9.7
22,13,229,0.9,0.92,189.61,0.19,1.515,5,0.13,0,10.3
22,14,228,0.87,0.92,182.49,0.182,1.697,4,0.12,0,9.7
22,15,227,0.97,0.94,206.98,0.207,1.904,4,0.14,0,9.9
22,16,225,1.01,0.91,206.8,0.207,2.111,4,0.14,0,9.9
22,17,228,1.12,0.94,240.04,0.24,2.351,7,0.16,1,11.6
22,18,227,1.25,0.95,269.56,0.27,2.621,8,0.18,1,12.3
22,19,226,1.39,0.94,295.29,0.295,2.916,10,0.2,1,13.5
22,20,224,1.37,0.96,294.6,0.295,3.211,10,0.2,1,13.5
22,21,226,1.15,0.93,241.71,0.242,3.453,7,0.16,1,11.6
22,22,226,1.02,0.93,214.38,0.214,3.667,4,0.14,0,9.9
22,23,230,0.77,0.89,157.62,0.158,3.825,4,0.11,0,9.6
23,0,231,0.27,0.83,51.77,0.052,0.052,3,0.03,0,8.3
23,1,231,0.28,0.84,54.33,0.054,0.106,3,0.04,0,8.4
23,2,229,0.29,0.85,56.45,0.056,0.162,2,0.04,0,7.9
23,3,233,0.32,0.83,61.88,0.062,0.224,1,0.04,0,7.4
23,4,233,0.34,0.85,67.34,0.067,0.291,3,0.04,0,8.4
23,5,230,0.34,0.86,67.25,0.067,0.358,2,0.04,0,7.9
23,6,227,0.47,0.86,91.75,0.092,0.45,3,0.06,0,8.6
23,7,229,0.6,0.86,118.16,0.118,0.568,2,0.08,0,8.3
23,8,227,0.7,0.87,138.24,0.138,0.706,1,0.09,0,7.9
23,9,227,0.69,0.86,134.7,0.135,0.841,1,0.09,0,7.9
23,10,229,0.67,0.89,136.55,0.137,0.978,2,0.09,0,8.4
23,11,231,0.8,0.89,164.47,0.164,1.142,4,0.11,0,9.6
23,12,231,0.82,0.91,172.37,0.172,1.314,4,0.11,0,9.6
23,13,230,0.83,0.92,175.63,0.176,1.49,5,0.12,0,10.2
23,14,228,0.89,0.92,186.69,0.187,1.677,4,0.12,0,9.7
23,15,229,0.95,0.95,206.67,0.207,1.884,6,0.14,0,10.9
23,16,229,1.0,0.93,212.97,0.213,2.097,5,0.14,0,10.4
23,17,228,1.14,0.92,239.13,0.239,2.336,7,0.16,1,11.6
23,18,224,1.28,0.95,272.38,0.272,2.608,7,0.18,1,11.8
23,19,223,1.38,0.98,301.59,0.302,2.91,10,0.2,1,13.5
23,20,228,1.32,0.94,282.9,0.283,3.193,8,0.19,1,12.4
23,21,226,1.15,0.95,246.9,0.247,3.44,8,0.16,1,12.1
23,22,227,0.97,0.94,206.98,0.207,3.647,5,0.14,0,10.4
23,23,230,0.71,0.9,146.97,0.147,3.794,6,0.1,0,10.5
24,0,232,0.32,0.84,62.36,0.062,0.062,3,0.04,0,8.4
24,1,232,0.32,0.81,60.13,0.06,0.122,1,0.04,0,7.4
24,2,230,0.34,0.85,66.47,0.066,0.188,1,0.04,0,7.4
24,3,233,0.27,0.82,51.59,0.052,0.24,3,0.03,0,8.3
24,4,234,0.27,0.84,53.07,0.053,0.293,1,0.04,0,7.4
24,5,230,0.32,0.83,61.09,0.061,0.354,3,0.04,0,8.4
24,6,227,0.49,0.86,95.66,0.096,0.45,1,0.06,0,7.6
24,7,229,0.59,0.89,120.25,0.12,0.57,1,0.08,0,7.8
24,8,226,0.65,0.88,129.27,0.129,0.699,3,0.09,0,8.9
24,9,230,0.64,0.89,131.01,0.131,0.83,3,0.09,0,8.9
24,10,229,0.76,0.87,151.41,0.151,0.981,5,0.1,0,10.0
24,11,229,0.79,0.9,162.82,0.163,1.144,4,0.11,0,9.6
24,12,230,0.84,0.9,173.88,0.174,1.318,5,0.12,0,10.2
24,13,228,0.91,0.92,190.88,0.191,1.509,5,0.13,0,10.3
24,14,228,0.94,0.94,201.46,0.201,1.71,5,0.13,0,10.3
24,15,226,0.94,0.94,199.69,0.2,1.91,5,0.13,0,10.3
24,16,229,1.09,0.93,232.14,0.232,2.142,8,0.15,0,12.0
24,17,226,1.12,0.95,240.46,0.24,2.382,7,0.16,1,11.6
24,18,228,1.26,0.96,275.79,0.276,2.658,7,0.18,1,11.8
24,19,225,1.41,0.96,304.56,0.305,2.963,9,0.2,1,13.0
24,20,225,1.38,0.96,298.08,0.298,3.261,9,0.2,1,13.0
24,21,227,1.21,0.95,260.94,0.261,3.522,7,0.17,1,11.7
24,22,226,0.96,0.93,201.77,0.202,3.724,6,0.13,0,10.8
24,23,230,0.74,0.88,149.78,0.15,3.874,5,0.1,0,10.0
25,0,229,0.24,0.82,45.07,0.045,0.045,1,0.03,0,7.3
25,1,230,0.32,0.83,61.09,0.061,0.106,1,0.04,0,7.4
25,2,231,0.28,0.85,54.98,0.055,0.161,1,0.04,0,7.4
25,3,230,0.33,0.84,63.76,0.064,0.225,1,0.04,0,7.4
25,4,231,0.27,0.85,53.01,0.053,0.278,3,0.04,0,8.4
25,5,228,0.41,0.83,77.59,0.078,0.356,3,0.05,0,8.5
25,6,229,0.45,0.87,89.65,0.09,0.446,3,0.06,0,8.6
25,7,230,0.56,0.88,113.34,0.113,0.559,3,0.08,0,8.8
25,8,228,0.69,0.88,138.44,0.138,0.697,1,0.09,0,7.9
25,9,229,0.68,0.86,133.92,0.134,0.831,2,0.09,0,8.4
25,10,231,0.75,0.87,150.73,0.151,0.982,4,0.1,0,9.5
25,11,232,0.82,0.9,171.22,0.171,1.153,4,0.11,0,9.6
25,12,229,0.88,0.91,183.38,0.183,1.336,4,0.12,0,9.7
25,13,230,0.85,0.92,179.86,0.18,1.516,5,0.12,0,10.2
25,14,227,0.88,0.92,183.78,0.184,1.7,4,0.12,0,9.7
25,15,228,0.99,0.91,205.41,0.205,1.905,6,0.14,0,10.9
25,16,229,1.08,0.92,227.53,0.228,2.133,8,0.15,0,12.0
25,17,224,1.16,0.92,239.05,0.239,2.372,8,0.16,1,12.1
25,18,228,1.25,0.94,267.9,0.268,2.64,7,0.18,1,11.8
25,19,223,1.38,0.95,292.35,0.292,2.932,7,0.19,1,11.9
25,20,225,1.32,0.96,285.12,0.285,3.217,8,0.19,1,12.4
25,21,229,1.18,0.95,256.71,0.257,3.474,7,0.17,1,11.7
25,22,228,0.97,0.91,201.26,0.201,3.675,5,0.13,0,10.3
25,23,227,0.77,0.88,153.82,0.154,3.829,5,0.1,0,10.0
26,0,231,0.33,0.82,62.51,0.063,0.063,2,0.04,0,7.9
26,1,229,0.31,0.84,59.63,0.06,0.123,2,0.04,0,7.9
26,2,229,0.29,0.86,57.11,0.057,0.18,1,0.04,0,7.4
26,3,233,0.36,0.85,71.3,0.071,0.251,1,0.05,0,7.5
26,4,232,0.26,0.86,51.88,0.052,0.303,3,0.03,0,8.3
26,5,231,0.32,0.85,62.83,0.063,0.366,1,0.04,0,7.4
26,6,230,0.41,0.85,80.16,0.08,0.446,3,0.05,0,8.5
26,7,226,0.52,0.86,101.07,0.101,0.547,1,0.07,0,7.7
26,8,227,0.65,0.89,131.32,0.131,0.678,3,0.09,0,8.9
26,9,228,0.68,0.87,134.88,0.135,0.813,2,0.09,0,8.4
26,10,228,0.73,0.91,151.46,0.151,0.964,6,0.1,0,10.5
26,11,231,0.77,0.89,158.3,0.158,1.122,5,0.11,0,10.1
26,12,231,0.88,0.92,187.02,0.187,1.309,6,0.12,0,10.7
26,13,229,0.91,0.9,187.55,0.188,1.497,4,0.13,0,9.8
26,14,227,0.97,0.93,204.78,0.205,1.702,4,0.14,0,9.9
26,15,229,0.95,0.94,204.5,0.204,1.906,6,0.14,0,10.9
26,16,228,1.08,0.93,229.0,0.229,2.135,8,0.15,0,12.0
26,17,227,1.14,0.94,243.25,0.243,2.378,8,0.16,1,12.1
26,18,224,1.25,0.96,268.8,0.269,2.647,7,0.18,1,11.8
26,19,223,1.36,0.95,288.12,0.288,2.935,8,0.19,1,12.4
26,20,228,1.37,0.94,293.62,0.294,3.229,10,0.2,1,13.5
26,21,229,1.23,0.95,267.59,0.268,3.497,7,0.18,1,11.8
26,22,227,0.96,0.94,204.84,0.205,3.702,4,0.14,0,9.9
26,23,228,0.71,0.89,144.07,0.144,3.846,4,0.1,0,9.5
27,0,231,0.3,0.84,58.21,0.058,0.058,1,0.04,0,7.4
27,1,231,0.27,0.82,51.14,0.051,0.109,1,0.03,0,7.3
27,2,231,0.31,0.84,60.15,0.06,0.169,3,0.04,0,8.4
27,3,232,0.29,0.85,57.19,0.057,0.226,1,0.04,0,7.4
27,4,230,0.25,0.84,48.3,0.048,0.274,2,0.03,0,7.8
27,5,232,0.39,0.85,76.91,0.077,0.351,2,0.05,0,8.0
27,6,229,0.43,0.87,85.67,0.086,0.437,3,0.06,0,8.6
27,7,227,0.56,0.85,108.05,0.108,0.545,2,0.07,0,8.2
27,8,229,0.67,0.9,138.09,0.138,0.683,1,0.09,0,7.9
27,9,230,0.72,0.89,147.38,0.147,0.83,6,0.1,0,10.5
27,10,232,0.77,0.88,157.2,0.157,0.987,4,0.1,0,9.5
27,11,231,0.83,0.88,168.72,0.169,1.156,4,0.11,0,9.6
27,12,232,0.85,0.89,175.51,0.176,1.332,6,0.12,0,10.7
27,13,230,0.9,0.92,190.44,0.19,1.522,6,0.13,0,10.8
27,14,229,0.95,0.9,195.79,0.196,1.718,5,0.13,0,10.3
27,15,228,1.02,0.92,213.96,0.214,1.932,4,0.14,0,9.9
27,16,226,1.06,0.92,220.4,0.22,2.152,7,0.15,0,11.5
27,17,227,1.13,0.94,241.12,0.241,2.393,8,0.16,1,12.1
27,18,226,1.24,0.95,266.23,0.266,2.659,8,0.18,1,12.3
27,19,225,1.38,0.97,301.19,0.301,2.96,10,0.2,1,13.5
27,20,228,1.32,0.94,282.9,0.283,3.243,8,0.19,1,12.4
27,21,225,1.21,0.93,253.19,0.253,3.496,7,0.17,1,11.7
27,22,226,1.01,0.91,207.72,0.208,3.704,5,0.14,0,10.4
27,23,227,0.7,0.89,141.42,0.141,3.845,3,0.09,0,8.9
28,0,229,0.25,0.81,46.37,0.046,0.046,3,0.03,0,8.3
28,1,231,0.29,0.84,56.27,0.056,0.102,3,0.04,0,8.4
28,2,232,0.36,0.85,70.99,0.071,0.173,1,0.05,0,7.5
28,3,229,0.27,0.85,52.56,0.053,0.226,2,0.04,0,7.9
28,4,233,0.28,0.84,54.8,0.055,0.281,2,0.04,0,7.9
28,5,232,0.31,0.84,60.41,0.06,0.341,1,0.04,0,7.4
28,6,230,0.42,0.84,81.14,0.081,0.422,1,0.05,0,7.5
28,7,230,0.56,0.87,112.06,0.112,0.534,1,0.07,0,7.7
28,8,230,0.65,0.88,131.56,0.132,0.666,3,0.09,0,8.9
28,9,227,0.7,0.88,139.83,0.14,0.806,1,0.09,0,7.9
28,10,230,0.72,0.89,147.38,0.147,0.953,5,0.1,0,10.0
28,11,229,0.73,0.92,153.8,0.154,1.107,5,0.1,0,10.0
28,12,231,0.84,0.93,180.46,0.18,1.287,6,0.12,0,10.7
28,13,229,0.91,0.92,191.72,0.192,1.479,5,0.13,0,10.3
28,14,229,0.96,0.91,200.05,0.2,1.679,5,0.13,0,10.3
28,15,226,1.01,0.94,214.56,0.215,1.894,6,0.14,0,10.9
28,16,228,1.03,0.93,218.4,0.218,2.112,8,0.15,0,12.0
28,17,228,1.1,0.92,230.74,0.231,2.343,7,0.15,1,11.5
28,18,224,1.3,0.96,279.55,0.28,2.623,8,0.19,1,12.4
28,19,223,1.4,0.95,296.59,0.297,2.92,9,0.2,1,13.0
28,20,225,1.33,0.96,287.28,0.287,3.207,7,0.19,1,11.9
28,21,229,1.24,0.93,264.08,0.264,3.471,8,0.18,1,12.3
28,22,227,1.02,0.91,210.7,0.211,3.682,5,0.14,0,10.4
28,23,229,0.75,0.91,156.29,0.156,3.838,6,0.1,0,10.5
29,0,233,0.29,0.81,54.73,0.055,0.055,2,0.04,0,7.9
29,1,229,0.35,0.83,66.52,0.067,0.122,2,0.04,0,7.9
29,2,232,0.32,0.83,61.62,0.062,0.184,2,0.04,0,7.9
29,3,233,0.32,0.85,63.38,0.063,0.247,2,0.04,0,7.9
29,4,230,0.26,0.84,50.23,0.05,0.297,2,0.03,0,7.8
29,5,231,0.31,0.86,61.58,0.062,0.359,3,0.04,0,8.4
29,6,227,0.45,0.84,85.81,0.086,0.445,1,0.06,0,7.6
29,7,230,0.58,0.88,117.39,0.117,0.562,2,0.08,0,8.3
29,8,230,0.68,0.87,136.07,0.136,0.698,3,0.09,0,8.9
29,9,230,0.72,0.88,145.73,0.146,0.844,6,0.1,0,10.5
29,10,230,0.77,0.89,157.62,0.158,1.002,5,0.11,0,10.1
29,11,229,0.79,0.88,159.2,0.159,1.161,6,0.11,0,10.6
29,12,232,0.85,0.91,179.45,0.179,1.34,5,0.12,0,10.2
29,13,228,0.87,0.9,178.52,0.179,1.519,4,0.12,0,9.7
29,14,229,0.93,0.93,198.06,0.198,1.717,5,0.13,0,10.3
29,15,230,0.95,0.92,201.02,0.201,1.918,6,0.13,0,10.8
29,16,225,1.02,0.95,218.02,0.218,2.136,7,0.15,0,11.5
29,17,224,1.11,0.95,236.21,0.236,2.372,7,0.16,1,11.6
29,18,228,1.27,0.94,272.19,0.272,2.644,7,0.18,1,11.8
29,19,224,1.45,0.96,311.81,0.312,2.956,9,0.21,1,13.1
29,20,228,1.34,0.93,284.13,0.284,3.24,7,0.19,1,11.9
29,21,226,1.18,0.94,250.68,0.251,3.491,8,0.17,1,12.2
29,22,227,1.03,0.9,210.43,0.21,3.701,6,0.14,0,10.9
29,23,230,0.72,0.9,149.04,0.149,3.85,5,0.1,0,10.0
30,0,233,0.32,0.81,60.39,0.06,0.06,3,0.04,0,8.4
30,1,229,0.34,0.85,66.18,0.066,0.126,1,0.04,0,7.4
30,2,228,0.27,0.82,50.48,0.05,0.176,3,0.03,0,8.3
30,3,229,0.3,0.85,58.4,0.058,0.234,2,0.04,0,7.9
30,4,233,0.31,0.85,61.4,0.061,0.295,3,0.04,0,8.4
30,5,230,0.37,0.84,71.48,0.071,0.366,1,0.05,0,7.5
30,6,229,0.45,0.86,88.62,0.089,0.455,3,0.06,0,8.6
30,7,230,0.54,0.89,110.54,0.111,0.566,2,0.07,0,8.2
30,8,226,0.66,0.88,131.26,0.131,0.697,3,0.09,0,8.9
30,9,229,0.71,0.86,139.83,0.14,0.837,2,0.09,0,8.4
30,10,228,0.74,0.89,150.16,0.15,0.987,4,0.1,0,9.5
30,11,231,0.75,0.89,154.19,0.154,1.141,4,0.1,0,9.5
30,12,232,0.87,0.92,185.69,0.186,1.327,4,0.12,0,9.7
30,13,228,0.9,0.89,182.63,0.183,1.51,5,0.12,0,10.2
30,14,227,0.96,0.92,200.49,0.2,1.71,4,0.13,0,9.8
30,15,228,0.94,0.94,201.46,0.201,1.911,5,0.13,0,10.3
30,16,227,1.09,0.94,232.58,0.233,2.144,8,0.16,0,12.1
30,17,224,1.19,0.93,247.9,0.248,2.392,7,0.17,1,11.7
30,18,224,1.26,0.97,273.77,0.274,2.666,8,0.18,1,12.3
30,19,227,1.39,0.98,309.22,0.309,2.975,10,0.21,1,13.6
30,20,226,1.38,0.94,293.17,0.293,3.268,9,0.2,1,13.0
30,21,228,1.2,0.96,262.66,0.263,3.531,7,0.18,1,11.8
30,22,227,1.0,0.94,213.38,0.213,3.744,4,0.14,0,9.9
30,23,229,0.8,0.91,166.71,0.167,3.911,5,0.11,0,10.1
31,0,232,0.24,0.8,44.54,0.045,0.045,1,0.03,0,7.3
31,1,228,0.27,0.84,51.71,0.052,0.097,2,0.03,0,7.8
31,2,231,0.28,0.82,53.04,0.053,0.15,1,0.04,0,7.4
31,3,232,0.32,0.83,61.62,0.062,0.212,1,0.04,0,7.4
31,4,232,0.25,0.85,49.3,0.049,0.261,3,0.03,0,8.3
31,5,230,0.32,0.86,63.3,0.063,0.324,1,0.04,0,7.4
31,6,231,0.49,0.85,96.21,0.096,0.42,3,0.06,0,8.6
31,7,229,0.52,0.86,102.41,0.102,0.522,3,0.07,0,8.7
31,8,227,0.6,0.86,117.13,0.117,0.639,1,0.08,0,7.8
31,9,227,0.68,0.88,135.84,0.136,0.775,1,0.09,0,7.9
31,10,232,0.68,0.91,143.56,0.144,0.919,4,0.1,0,9.5
31,11,232,0.83,0.91,175.23,0.175,1.094,4,0.12,0,9.7
31,12,229,0.89,0.92,187.51,0.188,1.282,4,0.13,0,9.8
31,13,232,0.86,0.91,181.56,0.182,1.464,5,0.12,0,10.2
31,14,228,0.92,0.9,188.78,0.189,1.653,6,0.13,0,10.8
31,15,226,0.99,0.93,208.08,0.208,1.861,4,0.14,0,9.9
31,16,228,1.04,0.95,225.26,0.225,2.086,7,0.15,0,11.5
31,17,224,1.14,0.95,242.59,0.243,2.329,7,0.16,1,11.6
31,18,226,1.28,0.94,271.92,0.272,2.601,8,0.18,1,12.3
31,19,225,1.43,0.95,305.66,0.306,2.907,9,0.2,1,13.0
31,20,228,1.31,0.94,280.76,0.281,3.188,7,0.19,1,11.9
31,21,228,1.25,0.94,267.9,0.268,3.456,7,0.18,1,11.8
31,22,228,1.0,0.92,209.76,0.21,3.666,4,0.14,0,9.9
31,23,231,0.71,0.92,150.89,0.151,3.817,4,0.1,0,9.5
32,0,232,0.31,0.82,58.97,0.059,0.059,1,0.04,0,7.4
32,1,229,0.28,0.82,52.58,0.053,0.112,1,0.04,0,7.4
32,2,231,0.36,0.83,69.02,0.069,0.181,1,0.05,0,7.5
32,3,229,0.28,0.82,52.58,0.053,0.234,3,0.04,0,8.4
32,4,231,0.25,0.86,49.66,0.05,0.284,3,0.03,0,8.3
32,5,230,0.36,0.87,72.04,0.072,0.356,1,0.05,0,7.5
32,6,229,0.44,0.88,88.67,0.089,0.445,2,0.06,0,8.1
32,7,226,0.53,0.87,104.21,0.104,0.549,3,0.07,0,8.7
32,8,226,0.68,0.88,135.24,0.135,0.684,1,0.09,0,7.9
32,9,229,0.63,0.9,129.84,0.13,0.814,1,0.09,0,7.9
32,10,231,0.69,0.9,143.45,0.143,0.957,6,0.1,0,10.5
32,11,229,0.76,0.91,158.38,0.158,1.115,4,0.11,0,9.6
32,12,229,0.88,0.92,185.4,0.185,1.3,4,0.12,0,9.7
32,13,230,0.9,0.91,188.37,0.188,1.488,6,0.13,0,10.8
32,14,229,0.92,0.91,191.72,0.192,1.68,5,0.13,0,10.3
32,15,228,0.98,0.94,210.03,0.21,1.89,6,0.14,0,10.9
32,16,227,1.01,0.92,210.93,0.211,2.101,5,0.14,0,10.4
32,17,225,1.2,0.93,251.1,0.251,2.352,7,0.17,1,11.7
32,18,228,1.23,0.95,266.42,0.266,2.618,8,0.18,1,12.3
32,19,226,1.37,0.96,297.24,0.297,2.915,10,0.2,1,13.5
32,20,225,1.38,0.94,291.87,0.292,3.207,7,0.19,1,11.9
32,21,227,1.24,0.95,267.41,0.267,3.474,7,0.18,1,11.8
32,22,230,1.01,0.94,218.36,0.218,3.692,7,0.15,0,11.5
32,23,230,0.79,0.89,161.71,0.162,3.854,4,0.11,0,9.6
33,0,230,0.27,0.83,51.54,0.052,0.052,2,0.03,0,7.8
33,1,232,0.27,0.84,52.62,0.053,0.105,2,0.04,0,7.9
33,2,230,0.27,0.85,52.78,0.053,0.158,1,0.04,0,7.4
33,3,230,0.28,0.82,52.81,0.053,0.211,2,0.04,0,7.9
33,4,232,0.28,0.83,53.92,0.054,0.265,3,0.04,0,8.4
33,5,231,0.34,0.85,66.76,0.067,0.332,3,0.04,0,8.4
33,6,230,0.49,0.84,94.67,0.095,0.427,2,0.06,0,8.1
33,7,228,0.56,0.88,112.36,0.112,0.539,2,0.07,0,8.2
33,8,229,0.6,0.89,122.29,0.122,0.661,3,0.08,0,8.8
33,9,231,0.7,0.88,142.3,0.142,0.803,3,0.09,0,8.9
33,10,231,0.7,0.9,145.53,0.146,0.949,6,0.1,0,10.5
33,11,231,0.82,0.91,172.37,0.172,1.121,6,0.11,0,10.6
33,12,230,0.86,0.91,180.0,0.18,1.301,5,0.12,0,10.2
33,13,231,0.85,0.92,180.64,0.181,1.482,6,0.12,0,10.7
33,14,229,0.88,0.93,187.41,0.187,1.669,5,0.12,0,10.2
33,15,228,0.98,0.92,205.56,0.206,1.875,5,0.14,0,10.4
33,16,228,1.09,0.94,233.61,0.234,2.109,7,0.16,0,11.6
33,17,227,1.15,0.94,245.39,0.245,2.354,8,0.16,1,12.1
33,18,225,1.27,0.93,265.75,0.266,2.62,7,0.18,1,11.8
33,19,223,1.43,0.96,306.13,0.306,2.926,9,0.2,1,13.0
33,20,226,1.39,0.96,301.57,0.302,3.228,9,0.2,1,13.0
33,21,226,1.16,0.95,249.05,0.249,3.477,8,0.17,1,12.2
33,22,230,1.04,0.91,217.67,0.218,3.695,8,0.15,0,12.0
33,23,231,0.76,0.88,154.49,0.154,3.849,5,0.1,0,10.0
34,0,229,0.24,0.83,45.62,0.046,0.046,1,0.03,0,7.3
34,1,230,0.34,0.82,64.12,0.064,0.11,2,0.04,0,7.9
34,2,231,0.31,0.86,61.58,0.062,0.172,2,0.04,0,7.9
34,3,232,0.29,0.85,57.19,0.057,0.229,1,0.04,0,7.4
34,4,232,0.31,0.87,62.57,0.063,0.292,3,0.04,0,8.4
34,5,229,0.39,0.87,77.7,0.078,0.37,2,0.05,0,8.0
34,6,227,0.5,0.85,96.47,0.096,0.466,1,0.06,0,7.6
34,7,227,0.56,0.87,110.59,0.111,0.577,3,0.07,0,8.7
34,8,228,0.65,0.88,130.42,0.13,0.707,1,0.09,0,7.9
34,9,229,0.69,0.87,137.47,0.137,0.844,2,0.09,0,8.4
34,10,232,0.74,0.87,149.36,0.149,0.993,6,0.1,0,10.5
34,11,228,0.82,0.91,170.13,0.17,1.163,4,0.11,0,9.6
34,12,229,0.9,0.9,185.49,0.185,1.348,6,0.12,0,10.7
34,13,228,0.84,0.89,170.45,0.17,1.518,6,0.11,0,10.6
34,14,231,0.9,0.92,191.27,0.191,1.709,5,0.13,0,10.3
34,15,227,0.96,0.95,207.02,0.207,1.916,6,0.14,0,10.9
34,16,226,1.02,0.93,214.38,0.214,2.13,6,0.14,0,10.9
34,17,225,1.14,0.94,241.11,0.241,2.371,7,0.16,1,11.6
34,18,227,1.22,0.95,263.09,0.263,2.634,7,0.18,1,11.8
34,19,227,1.41,0.95,304.07,0.304,2.938,10,0.2,1,13.5
34,20,227,1.35,0.94,288.06,0.288,3.226,7,0.19,1,11.9
34,21,226,1.19,0.96,258.18,0.258,3.484,7,0.17,1,11.7
34,22,230,0.99,0.91,207.21,0.207,3.691,6,0.14,0,10.9
34,23,231,0.71,0.91,149.25,0.149,3.84,5,0.1,0,10.0
35,0,232,0.28,0.84,54.57,0.055,0.055,3,0.04,0,8.4
35,1,229,0.26,0.85,50.61,0.051,0.106,3,0.03,0,8.3
35,2,231,0.31,0.84,60.15,0.06,0.166,3,0.04,0,8.4
35,3,233,0.28,0.85,55.45,0.055,0.221,3,0.04,0,8.4
35,4,234,0.32,0.85,63.65,0.064,0.285,3,0.04,0,8.4
35,5,232,0.33,0.85,65.08,0.065,0.35,2,0.04,0,7.9
35,6,228,0.49,0.87,97.2,0.097,0.447,3,0.06,0,8.6
35,7,230,0.58,0.87,116.06,0.116,0.563,1,0.08,0,7.8
35,8,228,0.62,0.88,124.4,0.124,0.687,3,0.08,0,8.8
35,9,227,0.67,0.89,135.36,0.135,0.822,3,0.09,0,8.9
35,10,230,0.7,0.91,146.51,0.147,0.969,6,0.1,0,10.5
35,11,230,0.77,0.88,155.85,0.156,1.125,6,0.1,0,10.5
35,12,229,0.86,0.91,179.22,0.179,1.304,4,0.12,0,9.7
35,13,232,0.85,0.89,175.51,0.176,1.48,4,0.12,0,9.7
35,14,227,0.94,0.92,196.31,0.196,1.676,6,0.13,0,10.8
35,15,229,1.03,0.91,214.64,0.215,1.891,6,0.14,0,10.9
35,16,225,1.04,0.94,219.96,0.22,2.111,8,0.15,0,12.0
35,17,227,1.19,0.93,251.22,0.251,2.362,7,0.17,1,11.7
35,18,224,1.2,0.96,258.05,0.258,2.62,7,0.17,1,11.7
35,19,224,1.42,0.97,308.54,0.309,2.929,9,0.21,1,13.1
35,20,225,1.32,0.94,279.18,0.279,3.208,8,0.19,1,12.4
35,21,229,1.2,0.95,261.06,0.261,3.469,8,0.17,1,12.2
35,22,228,1.01,0.91,209.55,0.21,3.679,4,0.14,0,9.9
35,23,230,0.7,0.9,144.9,0.145,3.824,4,0.1,0,9.5
36,0,232,0.23,0.82,43.76,0.044,0.044,2,0.03,0,7.8
36,1,228,0.27,0.82,50.48,0.05,0.094,3,0.03,0,8.3
36,2,229,0.36,0.86,70.9,0.071,0.165,2,0.05,0,8.0
36,3,230,0.3,0.85,58.65,0.059,0.224,1,0.04,0,7.4
36,4,232,0.32,0.85,63.1,0.063,0.287,2,0.04,0,7.9
36,5,231,0.32,0.86,63.57,0.064,0.351,2,0.04,0,7.9
36,6,227,0.49,0.87,96.77,0.097,0.448,2,0.06,0,8.1
36,7,230,0.58,0.86,114.72,0.115,0.563,3,0.08,0,8.8
36,8,230,0.62,0.89,126.91,0.127,0.69,2,0.08,0,8.3
36,9,230,0.65,0.88,131.56,0.132,0.822,3,0.09,0,8.9
36,10,230,0.74,0.89,151.48,0.151,0.973,4,0.1,0,9.5
36,11,232,0.77,0.89,158.99,0.159,1.132,5,0.11,0,10.1
36,12,232,0.81,0.91,171.01,0.171,1.303,5,0.11,0,10.1
36,13,231,0.86,0.93,184.75,0.185,1.488,6,0.12,0,10.7
36,14,228,0.87,0.93,184.47,0.184,1.672,4,0.12,0,9.7
36,15,227,0.99,0.95,213.49,0.213,1.885,4,0.14,0,9.9
36,16,228,1.03,0.95,223.1,0.223,2.108,7,0.15,0,11.5
36,17,226,1.12,0.94,237.93,0.238,2.346,8,0.16,1,12.1
36,18,226,1.29,0.96,279.88,0.28,2.626,7,0.19,1,11.9
36,19,225,1.36,0.94,287.64,0.288,2.914,7,0.19,1,11.9
36,20,227,1.33,0.96,289.83,0.29,3.204,7,0.19,1,11.9
36,21,226,1.18,0.95,253.35,0.253,3.457,7,0.17,1,11.7
36,22,227,1.05,0.93,221.67,0.222,3.679,8,0.15,0,12.0
36,23,228,0.8,0.9,164.16,0.164,3.843,4,0.11,0,9.6
37,0,232,0.26,0.81,48.86,0.049,0.049,2,0.03,0,7.8
37,1,228,0.32,0.81,59.1,0.059,0.108,1,0.04,0,7.4
37,2,229,0.36,0.86,70.9,0.071,0.179,3,0.05,0,8.5
37,3,232,0.29,0.83,55.84,0.056,0.235,3,0.04,0,8.4
37,4,234,0.26,0.84,51.11,0.051,0.286,2,0.03,0,7.8
37,5,230,0.39,0.85,76.25,0.076,0.362,2,0.05,0,8.0
37,6,228,0.48,0.86,94.12,0.094,0.456,1,0.06,0,7.6
37,7,229,0.59,0.85,114.84,0.115,0.571,3,0.08,0,8.8
37,8,226,0.61,0.88,121.32,0.121,0.692,1,0.08,0,7.8
37,9,231,0.71,0.9,147.61,0.148,0.84,6,0.1,0,10.5
37,10,231,0.71,0.9,147.61,0.148,0.988,6,0.1,0,10.5
37,11,230,0.78,0.88,157.87,0.158,1.146,4,0.11,0,9.6
37,12,229,0.82,0.92,172.76,0.173,1.319,6,0.12,0,10.7
37,13,231,0.91,0.9,189.19,0.189,1.508,6,0.13,0,10.8
37,14,227,0.93,0.94,198.44,0.198,1.706,5,0.13,0,10.3
37,15,227,1.01,0.92,210.93,0.211,1.917,6,0.14,0,10.9
37,16,226,1.06,0.92,220.4,0.22,2.137,8,0.15,0,12.0
37,17,224,1.18,0.96,253.75,0.254,2.391,7,0.17,1,11.7
37,18,224,1.21,0.95,257.49,0.257,2.648,7,0.17,1,11.7
37,19,227,1.42,0.96,309.45,0.309,2.957,9,0.21,1,13.1
37,20,228,1.32,0.96,288.92,0.289,3.246,8,0.19,1,12.4
37,21,226,1.24,0.93,260.62,0.261,3.507,8,0.17,1,12.2
37,22,226,1.01,0.93,212.28,0.212,3.719,4,0.14,0,9.9
37,23,228,0.74,0.92,155.22,0.155,3.874,5,0.1,0,10.0
38,0,232,0.26,0.82,49.46,0.049,0.049,1,0.03,0,7.3
38,1,231,0.29,0.83,55.6,0.056,0.105,1,0.04,0,7.4
38,2,232,0.3,0.86,59.86,0.06,0.165,2,0.04,0,7.9
38,3,232,0.28,0.84,54.57,0.055,0.22,3,0.04,0,8.4
38,4,231,0.33,0.85,64.8,0.065,0.285,1,0.04,0,7.4
38,5,230,0.34,0.84,65.69,0.066,0.351,2,0.04,0,7.9
38,6,231,0.43,0.87,86.42,0.086,0.437,3,0.06,0,8.6
38,7,227,0.55,0.85,106.12,0.106,0.543,2,0.07,0,8.2
38,8,228,0.63,0.88,126.4,0.126,0.669,2,0.08,0,8.3
38,9,228,0.71,0.9,145.69,0.146,0.815,6,0.1,0,10.5
38,10,231,0.71,0.87,142.69,0.143,0.958,5,0.1,0,10.0
38,11,228,0.81,0.91,168.06,0.168,1.126,5,0.11,0,10.1
38,12,232,0.89,0.92,189.96,0.19,1.316,5,0.13,0,10.3
38,13,229,0.85,0.9,175.19,0.175,1.491,5,0.12,0,10.2
38,14,231,0.93,0.93,199.79,0.2,1.691,6,0.13,0,10.8
38,15,228,1.0,0.93,212.04,0.212,1.903,4,0.14,0,9.9
38,16,229,1.01,0.94,217.41,0.217,2.12,5,0.14,0,10.4
38,17,226,1.16,0.94,246.43,0.246,2.366,8,0.16,1,12.1
38,18,224,1.25,0.94,263.2,0.263,2.629,8,0.18,1,12.3
38,19,227,1.38,0.95,297.6,0.298,2.927,9,0.2,1,13.0
38,20,225,1.34,0.94,283.41,0.283,3.21,7,0.19,1,11.9
38,21,229,1.19,0.94,256.16,0.256,3.466,7,0.17,1,11.7
38,22,226,0.97,0.92,201.68,0.202,3.668,6,0.13,0,10.8
38,23,230,0.76,0.91,159.07,0.159,3.827,6,0.11,0,10.6
39,0,232,0.27,0.82,51.36,0.051,0.051,3,0.03,0,8.3
39,1,230,0.33,0.85,64.52,0.065,0.116,1,0.04,0,7.4
39,2,230,0.28,0.86,55.38,0.055,0.171,3,0.04,0,8.4
39,3,233,0.33,0.84,64.59,0.065,0.236,3,0.04,0,8.4
39,4,234,0.33,0.84,64.86,0.065,0.301,1,0.04,0,7.4
39,5,228,0.33,0.85,63.95,0.064,0.365,3,0.04,0,8.4
39,6,231,0.4,0.85,78.54,0.079,0.444,1,0.05,0,7.5
39,7,226,0.53,0.89,106.6,0.107,0.551,1,0.07,0,7.7
39,8,227,0.69,0.9,140.97,0.141,0.692,2,0.09,0,8.4
39,9,227,0.69,0.88,137.83,0.138,0.83,1,0.09,0,7.9
39,10,230,0.72,0.9,149.04,0.149,0.979,6,0.1,0,10.5
39,11,231,0.8,0.88,162.62,0.163,1.142,4,0.11,0,9.6
39,12,229,0.89,0.9,183.43,0.183,1.325,4,0.12,0,9.7
39,13,228,0.93,0.89,188.72,0.189,1.514,6,0.13,0,10.8
39,14,230,0.9,0.92,190.44,0.19,1.704,4,0.13,0,9.8
39,15,228,0.99,0.95,214.43,0.214,1.918,6,0.14,0,10.9
39,16,229,1.02,0.91,212.56,0.213,2.131,6,0.14,0,10.9
39,17,228,1.11,0.94,237.9,0.238,2.369,8,0.16,1,12.1
39,18,227,1.3,0.95,280.35,0.28,2.649,7,0.19,1,11.9
39,19,225,1.44,0.97,314.28,0.314,2.963,10,0.21,1,13.6
39,20,227,1.34,0.94,285.93,0.286,3.249,7,0.19,1,11.9
39,21,228,1.15,0.94,246.47,0.246,3.495,7,0.16,1,11.6
39,22,230,0.96,0.91,200.93,0.201,3.696,4,0.13,0,9.8
39,23,230,0.71,0.91,148.6,0.149,3.845,6,0.1,0,10.5
40,0,231,0.26,0.82,49.25,0.049,0.049,1,0.03,0,7.3
40,1,230,0.29,0.82,54.69,0.055,0.104,2,0.04,0,7.9
40,2,231,0.32,0.84,62.09,0.062,0.166,1,0.04,0,7.4
40,3,230,0.33,0.84,63.76,0.064,0.23,1,0.04,0,7.4
40,4,231,0.3,0.83,57.52,0.058,0.288,3,0.04,0,8.4
40,5,231,0.38,0.86,75.49,0.075,0.363,2,0.05,0,8.0
40,6,229,0.46,0.84,88.49,0.088,0.451,1,0.06,0,7.6
40,7,230,0.52,0.88,105.25,0.105,0.556,1,0.07,0,7.7
40,8,227,0.62,0.87,122.44,0.122,0.678,1,0.08,0,7.8
40,9,229,0.64,0.87,127.51,0.128,0.806,2,0.09,0,8.4
40,10,231,0.74,0.9,153.85,0.154,0.96,4,0.1,0,9.5
40,11,229,0.83,0.9,171.06,0.171,1.131,6,0.11,0,10.6
40,12,230,0.8,0.89,163.76,0.164,1.295,4,0.11,0,9.6
40,13,230,0.88,0.9,182.16,0.182,1.477,6,0.12,0,10.7
40,14,231,0.95,0.92,201.89,0.202,1.679,4,0.13,0,9.8
40,15,226,1.01,0.94,214.56,0.215,1.894,6,0.14,0,10.9
40,16,228,1.05,0.93,222.64,0.223,2.117,7,0.15,0,11.5
40,17,224,1.14,0.94,240.04,0.24,2.357,7,0.16,1,11.6
40,18,224,1.23,0.93,256.23,0.256,2.613,8,0.17,1,12.2
40,19,224,1.43,0.95,304.3,0.304,2.917,9,0.2,1,13.0
40,20,225,1.32,0.94,279.18,0.279,3.196,7,0.19,1,11.9
40,21,225,1.18,0.93,246.92,0.247,3.443,8,0.16,1,12.1
40,22,230,1.01,0.94,218.36,0.218,3.661,8,0.15,0,12.0
40,23,230,0.76,0.91,159.07,0.159,3.82,4,0.11,0,9.6
41,0,231,0.31,0.82,58.72,0.059,0.059,3,0.04,0,8.4
41,1,229,0.29,0.85,56.45,0.056,0.115,2,0.04,0,7.9
41,2,232,0.34,0.86,67.84,0.068,0.183,2,0.05,0,8.0
41,3,232,0.32,0.85,63.1,0.063,0.246,1,0.04,0,7.4
41,4,234,0.26,0.86,52.32,0.052,0.298,2,0.03,0,7.8
41,5,228,0.32,0.85,62.02,0.062,0.36,1,0.04,0,7.4
41,6,228,0.49,0.85,94.96,0.095,0.455,2,0.06,0,8.1
41,7,227,0.58,0.87,114.54,0.115,0.57,3,0.08,0,8.8
41,8,228,0.61,0.88,122.39,0.122,0.692,1,0.08,0,7.8
41,9,231,0.73,0.87,146.71,0.147,0.839,4,0.1,0,9.5
41,10,228,0.69,0.89,140.01,0.14,0.979,1,0.09,0,7.9
41,11,228,0.74,0.92,155.22,0.155,1.134,5,0.1,0,10.0
41,12,233,0.87,0.93,188.52,0.189,1.323,4,0.13,0,9.8
41,13,229,0.87,0.92,183.29,0.183,1.506,5,0.12,0,10.2
41,14,231,0.93,0.93,199.79,0.2,1.706,5,0.13,0,10.3
41,15,226,0.97,0.94,206.07,0.206,1.912,4,0.14,0,9.9
41,16,225,1.03,0.94,217.84,0.218,2.13,8,0.15,0,12.0
41,17,227,1.18,0.94,251.79,0.252,2.382,8,0.17,1,12.2
41,18,228,1.23,0.94,263.61,0.264,2.646,7,0.18,1,11.8
41,19,225,1.41,0.97,307.73,0.308,2.954,10,0.21,1,13.6
41,20,228,1.38,0.96,302.05,0.302,3.256,10,0.2,1,13.5
41,21,225,1.16,0.94,245.34,0.245,3.501,7,0.16,1,11.6
41,22,228,1.05,0.93,222.64,0.223,3.724,7,0.15,0,11.5
41,23,231,0.78,0.88,158.56,0.159,3.883,6,0.11,0,10.6
42,0,230,0.23,0.8,42.32,0.042,0.042,2,0.03,0,7.8
42,1,232,0.28,0.83,53.92,0.054,0.096,1,0.04,0,7.4
42,2,228,0.28,0.83,52.99,0.053,0.149,2,0.04,0,7.9
42,3,233,0.35,0.82,66.87,0.067,0.216,1,0.04,0,7.4
42,4,230,0.33,0.85,64.52,0.065,0.281,3,0.04,0,8.4
42,5,228,0.35,0.86,68.63,0.069,0.35,3,0.05,0,8.5
42,6,227,0.46,0.87,90.85,0.091,0.441,3,0.06,0,8.6
42,7,229,0.55,0.88,110.84,0.111,0.552,2,0.07,0,8.2
42,8,226,0.68,0.89,136.78,0.137,0.689,3,0.09,0,8.9
42,9,229,0.64,0.87,127.51,0.128,0.817,1,0.09,0,7.9
42,10,229,0.71,0.9,146.33,0.146,0.963,6,0.1,0,10.5
42,11,228,0.8,0.9,164.16,0.164,1.127,5,0.11,0,10.1
42,12,232,0.89,0.92,189.96,0.19,1.317,5,0.13,0,10.3
42,13,231,0.91,0.89,187.09,0.187,1.504,5,0.12,0,10.2
42,14,231,0.9,0.9,187.11,0.187,1.691,6,0.12,0,10.7
42,15,226,0.95,0.93,199.67,0.2,1.891,4,0.13,0,9.8
42,16,225,1.0,0.93,209.25,0.209,2.1,4,0.14,0,9.9
42,17,227,1.18,0.96,257.15,0.257,2.357,8,0.17,1,12.2
42,18,227,1.25,0.93,263.89,0.264,2.621,8,0.18,1,12.3
42,19,224,1.43,0.95,304.3,0.304,2.925,9,0.2,1,13.0
42,20,228,1.33,0.93,282.01,0.282,3.207,7,0.19,1,11.9
42,21,229,1.2,0.94,258.31,0.258,3.465,7,0.17,1,11.7
42,22,226,1.01,0.92,210.0,0.21,3.675,5,0.14,0,10.4
42,23,227,0.74,0.91,152.86,0.153,3.828,5,0.1,0,10.0
43,0,232,0.32,0.81,60.13,0.06,0.06,1,0.04,0,7.4
43,1,231,0.34,0.82,64.4,0.064,0.124,3,0.04,0,8.4
43,2,229,0.32,0.86,63.02,0.063,0.187,2,0.04,0,7.9
43,3,229,0.33,0.84,63.48,0.063,0.25,2,0.04,0,7.9
43,4,231,0.32,0.83,61.35,0.061,0.311,2,0.04,0,7.9
43,5,229,0.38,0.83,72.23,0.072,0.383,1,0.05,0,7.5
43,6,229,0.5,0.84,96.18,0.096,0.479,3,0.06,0,8.6
43,7,229,0.53,0.86,104.38,0.104,0.583,3,0.07,0,8.7
43,8,228,0.69,0.87,136.87,0.137,0.72,1,0.09,0,7.9
43,9,227,0.66,0.87,130.34,0.13,0.85,1,0.09,0,7.9
43,10,231,0.67,0.91,140.84,0.141,0.991,3,0.09,0,8.9
43,11,228,0.78,0.92,163.61,0.164,1.155,5,0.11,0,10.1
43,12,233,0.83,0.92,177.92,0.178,1.333,6,0.12,0,10.7
43,13,229,0.87,0.93,185.28,0.185,1.518,6,0.12,0,10.7
43,14,231,0.92,0.93,197.64,0.198,1.716,6,0.13,0,10.8
43,15,227,0.99,0.93,209.0,0.209,1.925,4,0.14,0,9.9
43,16,225,1.03,0.94,217.84,0.218,2.143,7,0.15,0,11.5
43,17,225,1.15,0.96,248.4,0.248,2.391,7,0.17,1,11.7
43,18,226,1.28,0.94,271.92,0.272,2.663,7,0.18,1,11.8
43,19,226,1.41,0.97,309.1,0.309,2.972,10,0.21,1,13.6
43,20,227,1.36,0.97,299.46,0.299,3.271,9,0.2,1,13.0
43,21,227,1.23,0.92,256.87,0.257,3.528,7,0.17,1,11.7
43,22,230,1.02,0.91,213.49,0.213,3.741,5,0.14,0,10.4
43,23,231,0.77,0.92,163.64,0.164,3.905,4,0.11,0,9.6
44,0,232,0.26,0.83,50.07,0.05,0.05,1,0.03,0,7.3
44,1,231,0.28,0.84,54.33,0.054,0.104,3,0.04,0,8.4
44,2,230,0.32,0.82,60.35,0.06,0.164,3,0.04,0,8.4
44,3,231,0.31,0.85,60.87,0.061,0.225,2,0.04,0,7.9
44,4,232,0.27,0.86,53.87,0.054,0.279,1,0.04,0,7.4
44,5,231,0.33,0.86,65.56,0.066,0.345,1,0.04,0,7.4
44,6,227,0.48,0.86,93.71,0.094,0.439,1,0.06,0,7.6
44,7,227,0.54,0.86,105.42,0.105,0.544,3,0.07,0,8.7
44,8,228,0.68,0.87,134.88,0.135,0.679,2,0.09,0,8.4
44,9,227,0.67,0.87,132.32,0.132,0.811,3,0.09,0,8.9
44,10,231,0.67,0.89,137.75,0.138,0.949,1,0.09,0,7.9
44,11,231,0.77,0.9,160.08,0.16,1.109,4,0.11,0,9.6
44,12,232,0.87,0.9,181.66,0.182,1.291,5,0.12,0,10.2
44,13,229,0.86,0.9,177.25,0.177,1.468,6,0.12,0,10.7
44,14,230,0.93,0.94,201.07,0.201,1.669,6,0.13,0,10.8
44,15,229,1.0,0.94,215.26,0.215,1.884,6,0.14,0,10.9
44,16,229,1.04,0.94,223.87,0.224,2.108,8,0.15,0,12.0
44,17,224,1.11,0.96,238.69,0.239,2.347,7,0.16,1,11.6
44,18,226,1.21,0.96,262.52,0.263,2.61,7,0.18,1,11.8
44,19,226,1.42,0.95,304.87,0.305,2.915,9,0.2,1,13.0
44,20,225,1.34,0.94,283.41,0.283,3.198,8,0.19,1,12.4
44,21,226,1.22,0.95,261.93,0.262,3.46,7,0.17,1,11.7
44,22,230,1.01,0.91,211.39,0.211,3.671,4,0.14,0,9.9
44,23,228,0.74,0.92,155.22,0.155,3.826,5,0.1,0,10.0
45,0,232,0.26,0.8,48.26,0.048,0.048,2,0.03,0,7.8
45,1,228,0.32,0.83,60.56,0.061,0.109,2,0.04,0,7.9
45,2,229,0.3,0.84,57.71,0.058,0.167,1,0.04,0,7.4
45,3,229,0.28,0.84,53.86,0.054,0.221,1,0.04,0,7.4
45,4,231,0.27,0.84,52.39,0.052,0.273,2,0.03,0,7.8
45,5,232,0.37,0.85,72.96,0.073,0.346,1,0.05,0,7.5
45,6,227,0.48,0.86,93.71,0.094,0.44,2,0.06,0,8.1
45,7,230,0.51,0.89,104.4,0.104,0.544,2,0.07,0,8.2
45,8,227,0.67,0.88,133.84,0.134,0.678,3,0.09,0,8.9
45,9,228,0.71,0.9,145.69,0.146,0.824,4,0.1,0,9.5
45,10,231,0.75,0.9,155.93,0.156,0.98,6,0.1,0,10.5
45,11,228,0.82,0.88,164.52,0.165,1.145,6,0.11,0,10.6
45,12,231,0.84,0.9,174.64,0.175,1.32,4,0.12,0,9.7
45,13,232,0.86,0.89,177.57,0.178,1.498,5,0.12,0,10.2
45,14,228,0.92,0.94,197.17,0.197,1.695,6,0.13,0,10.8
45,15,227,0.95,0.93,200.55,0.201,1.896,5,0.13,0,10.3
45,16,228,1.06,0.92,222.35,0.222,2.118,8,0.15,0,12.0
45,17,224,1.19,0.96,255.9,0.256,2.374,8,0.17,1,12.2
45,18,228,1.24,0.96,271.41,0.271,2.645,8,0.18,1,12.3
45,19,223,1.37,0.95,290.23,0.29,2.935,8,0.19,1,12.4
45,20,227,1.33,0.96,289.83,0.29,3.225,7,0.19,1,11.9
45,21,229,1.24,0.93,264.08,0.264,3.489,8,0.18,1,12.3
45,22,226,1.05,0.9,213.57,0.214,3.703,6,0.14,0,10.9
45,23,230,0.77,0.89,157.62,0.158,3.861,6,0.11,0,10.6
46,0,233,0.29,0.83,56.08,0.056,0.056,2,0.04,0,7.9
46,1,229,0.28,0.83,53.22,0.053,0.109,2,0.04,0,7.9
46,2,228,0.27,0.83,51.09,0.051,0.16,1,0.03,0,7.3
46,3,230,0.32,0.83,61.09,0.061,0.221,1,0.04,0,7.4
46,4,234,0.26,0.87,52.93,0.053,0.274,3,0.04,0,8.4
46,5,230,0.41,0.84,79.21,0.079,0.353,3,0.05,0,8.5
46,6,227,0.43,0.87,84.92,0.085,0.438,1,0.06,0,7.6
46,7,226,0.53,0.86,103.01,0.103,0.541,3,0.07,0,8.7
46,8,226,0.61,0.87,119.94,0.12,0.661,2,0.08,0,8.3
46,9,229,0.68,0.88,137.03,0.137,0.798,3,0.09,0,8.9
46,10,232,0.75,0.9,156.6,0.157,0.955,5,0.1,0,10.0
46,11,229,0.77,0.88,155.17,0.155,1.11,6,0.1,0,10.5
46,12,229,0.83,0.91,172.96,0.173,1.283,5,0.12,0,10.2
46,13,230,0.85,0.93,181.81,0.182,1.465,4,0.12,0,9.7
46,14,230,0.93,0.92,196.79,0.197,1.662,6,0.13,0,10.8
46,15,227,0.95,0.92,198.4,0.198,1.86,6,0.13,0,10.8
46,16,225,1.07,0.91,219.08,0.219,2.079,7,0.15,0,11.5
46,17,226,1.16,0.95,249.05,0.249,2.328,7,0.17,1,11.7
46,18,224,1.24,0.96,266.65,0.267,2.595,7,0.18,1,11.8
46,19,227,1.4,0.96,305.09,0.305,2.9,10,0.2,1,13.5
46,20,227,1.36,0.97,299.46,0.299,3.199,9,0.2,1,13.0
46,21,228,1.23,0.96,269.22,0.269,3.468,8,0.18,1,12.3
46,22,227,1.02,0.94,217.65,0.218,3.686,7,0.15,0,11.5
46,23,228,0.8,0.89,162.34,0.162,3.848,4,0.11,0,9.6
47,0,232,0.23,0.83,44.29,0.044,0.044,1,0.03,0,7.3
47,1,232,0.27,0.83,51.99,0.052,0.096,3,0.03,0,8.3
47,2,232,0.36,0.85,70.99,0.071,0.167,3,0.05,0,8.5
47,3,232,0.34,0.85,67.05,0.067,0.234,2,0.04,0,7.9
47,4,232,0.28,0.85,55.22,0.055,0.289,1,0.04,0,7.4
47,5,232,0.35,0.85,69.02,0.069,0.358,2,0.05,0,8.0
47,6,227,0.44,0.87,86.9,0.087,0.445,3,0.06,0,8.6
47,7,227,0.54,0.89,109.1,0.109,0.554,2,0.07,0,8.2
47,8,230,0.63,0.88,127.51,0.128,0.682,2,0.09,0,8.4
47,9,228,0.67,0.88,134.43,0.134,0.816,1,0.09,0,7.9
47,10,230,0.77,0.89,157.62,0.158,0.974,5,0.11,0,10.1
47,11,229,0.82,0.9,169.0,0.169,1.143,4,0.11,0,9.6
47,12,229,0.81,0.91,168.8,0.169,1.312,5,0.11,0,10.1
47,13,231,0.87,0.9,180.87,0.181,1.493,4,0.12,0,9.7
47,14,227,0.9,0.9,183.87,0.184,1.677,6,0.12,0,10.7
47,15,230,0.99,0.95,216.31,0.216,1.893,5,0.14,0,10.4
47,16,228,1.08,0.92,226.54,0.227,2.12,7,0.15,0,11.5
47,17,227,1.15,0.94,245.39,0.245,2.365,8,0.16,1,12.1
47,18,228,1.22,0.95,264.25,0.264,2.629,8,0.18,1,12.3
47,19,227,1.35,0.96,294.19,0.294,2.923,10,0.2,1,13.5
47,20,226,1.31,0.95,281.26,0.281,3.204,7,0.19,1,11.9
47,21,228,1.18,0.92,247.52,0.248,3.452,7,0.17,1,11.7
47,22,227,0.97,0.92,202.57,0.203,3.655,5,0.14,0,10.4
47,23,230,0.75,0.91,156.97,0.157,3.812,6,0.1,0,10.5
48,0,229,0.28,0.81,51.94,0.052,0.052,2,0.03,0,7.8
48,1,231,0.28,0.84,54.33,0.054,0.106,1,0.04,0,7.4
48,2,230,0.34,0.86,67.25,0.067,0.173,2,0.04,0,7.9
48,3,229,0.3,0.84,57.71,0.058,0.231,2,0.04,0,7.9
48,4,232,0.28,0.85,55.22,0.055,0.286,3,0.04,0,8.4
48,5,232,0.39,0.86,77.81,0.078,0.364,3,0.05,0,8.5
48,6,230,0.48,0.88,97.15,0.097,0.461,3,0.06,0,8.6
48,7,228,0.59,0.87,117.03,0.117,0.578,3,0.08,0,8.8
48,8,230,0.66,0.88,133.58,0.134,0.712,1,0.09,0,7.9
48,9,227,0.7,0.9,143.01,0.143,0.855,4,0.1,0,9.5
48,10,231,0.69,0.89,141.86,0.142,0.997,2,0.09,0,8.4
48,11,228,0.82,0.9,168.26,0.168,1.165,6,0.11,0,10.6
48,12,230,0.85,0.89,174.0,0.174,1.339,6,0.12,0,10.7
48,13,231,0.83,0.91,174.47,0.174,1.513,5,0.12,0,10.2
48,14,227,0.89,0.92,185.87,0.186,1.699,5,0.12,0,10.2
48,15,230,1.0,0.94,216.2,0.216,1.915,5,0.14,0,10.4
48,16,225,1.05,0.91,214.99,0.215,2.13,4,0.14,0,9.9
48,17,228,1.19,0.95,257.75,0.258,2.388,8,0.17,1,12.2
48,18,224,1.26,0.96,270.95,0.271,2.659,8,0.18,1,12.3
48,19,226,1.43,0.96,310.25,0.31,2.969,9,0.21,1,13.1
48,20,224,1.3,0.94,273.73,0.274,3.243,8,0.18,1,12.3
48,21,228,1.24,0.94,265.76,0.266,3.509,8,0.18,1,12.3
48,22,226,0.95,0.92,197.52,0.198,3.707,4,0.13,0,9.8
48,23,228,0.77,0.88,154.49,0.154,3.861,4,0.1,0,9.5
49,0,229,0.29,0.83,55.12,0.055,0.055,3,0.04,0,8.4
49,1,230,0.31,0.83,59.18,0.059,0.114,3,0.04,0,8.4
49,2,229,0.31,0.83,58.92,0.059,0.173,1,0.04,0,7.4
49,3,230,0.32,0.85,62.56,0.063,0.236,2,0.04,0,7.9
49,4,234,0.35,0.84,68.8,0.069,0.305,2,0.05,0,8.0
49,5,228,0.33,0.85,63.95,0.064,0.369,3,0.04,0,8.4
49,6,229,0.42,0.87,83.68,0.084,0.453,2,0.06,0,8.1
49,7,230,0.54,0.86,106.81,0.107,0.56,2,0.07,0,8.2
49,8,226,0.64,0.88,127.28,0.127,0.687,3,0.08,0,8.8
49,9,229,0.68,0.89,138.59,0.139,0.826,3,0.09,0,8.9
49,10,231,0.7,0.88,142.3,0.142,0.968,1,0.09,0,7.9
49,11,230,0.8,0.89,163.76,0.164,1.132,5,0.11,0,10.1
49,12,233,0.87,0.9,182.44,0.182,1.314,5,0.12,0,10.2
49,13,232,0.92,0.89,189.96,0.19,1.504,4,0.13,0,9.8
49,14,230,0.96,0.93,205.34,0.205,1.709,6,0.14,0,10.9
49,15,228,0.97,0.93,205.68,0.206,1.915,5,0.14,0,10.4
49,16,225,1.03,0.92,213.21,0.213,2.128,4,0.14,0,9.9
49,17,228,1.1,0.96,240.77,0.241,2.369,8,0.16,1,12.1
49,18,225,1.24,0.95,265.05,0.265,2.634,7,0.18,1,11.8
49,19,226,1.35,0.95,289.85,0.29,2.924,7,0.19,1,11.9
49,20,225,1.32,0.95,282.15,0.282,3.206,8,0.19,1,12.4
49,21,226,1.24,0.93,260.62,0.261,3.467,8,0.17,1,12.2
49,22,229,1.01,0.93,215.1,0.215,3.682,5,0.14,0,10.4
49,23,228,0.73,0.91,151.46,0.151,3.833,5,0.1,0,10.0
50,0,229,0.28,0.82,52.58,0.053,0.053,1,0.04,0,7.4
50,1,230,0.27,0.84,52.16,0.052,0.105,3,0.03,0,8.3
50,2,230,0.33,0.85,64.52,0.065,0.17,2,0.04,0,7.9
50,3,231,0.36,0.86,71.52,0.072,0.242,3,0.05,0,8.5
50,4,233,0.31,0.85,61.4,0.061,0.303,2,0.04,0,7.9
50,5,231,0.34,0.85,66.76,0.067,0.37,1,0.04,0,7.4
50,6,230,0.45,0.85,87.97,0.088,0.458,3,0.06,0,8.6
50,7,228,0.54,0.89,109.58,0.11,0.568,1,0.07,0,7.7
50,8,229,0.63,0.87,125.51,0.126,0.694,3,0.08,0,8.8
50,9,230,0.73,0.87,146.07,0.146,0.84,4,0.1,0,9.5
50,10,232,0.73,0.89,150.73,0.151,0.991,4,0.1,0,9.5
50,11,231,0.76,0.91,159.76,0.16,1.151,6,0.11,0,10.6
50,12,230,0.84,0.91,175.81,0.176,1.327,5,0.12,0,10.2
50,13,228,0.9,0.93,190.84,0.191,1.518,5,0.13,0,10.3
50,14,230,0.95,0.92,201.02,0.201,1.719,5,0.13,0,10.3
50,15,228,0.97,0.91,201.26,0.201,1.92,4,0.13,0,9.8
50,16,227,1.06,0.93,223.78,0.224,2.144,7,0.15,0,11.5
50,17,224,1.1,0.93,229.15,0.229,2.373,7,0.15,1,11.5
50,18,225,1.28,0.94,270.72,0.271,2.644,8,0.18,1,12.3
50,19,227,1.38,0.95,297.6,0.298,2.942,9,0.2,1,13.0
50,20,224,1.32,0.93,274.98,0.275,3.217,7,0.18,1,11.8
50,21,226,1.2,0.94,254.93,0.255,3.472,8,0.17,1,12.2
50,22,226,0.96,0.93,201.77,0.202,3.674,4,0.13,0,9.8
50,23,229,0.77,0.9,158.7,0.159,3.833,6,0.11,0,10.6
51,0,232,0.23,0.83,44.29,0.044,0.044,3,0.03,0,8.3
51,1,232,0.25,0.84,48.72,0.049,0.093,3,0.03,0,8.3
51,2,228,0.31,0.85,60.08,0.06,0.153,3,0.04,0,8.4
51,3,229,0.36,0.82,67.6,0.068,0.221,2,0.05,0,8.0
51,4,232,0.29,0.87,58.53,0.059,0.28,3,0.04,0,8.4
51,5,231,0.33,0.85,64.8,0.065,0.345,1,0.04,0,7.4
51,6,230,0.44,0.85,86.02,0.086,0.431,1,0.06,0,7.6
51,7,226,0.56,0.85,107.58,0.108,0.539,3,0.07,0,8.7
51,8,230,0.66,0.88,133.58,0.134,0.673,1,0.09,0,7.9
51,9,230,0.71,0.89,145.34,0.145,0.818,4,0.1,0,9.5
51,10,230,0.73,0.89,149.43,0.149,0.967,4,0.1,0,9.5
51,11,230,0.74,0.89,151.48,0.151,1.118,4,0.1,0,9.5
51,12,232,0.86,0.9,179.57,0.18,1.298,5,0.12,0,10.2
51,13,229,0.91,0.91,189.63,0.19,1.488,4,0.13,0,9.8
51,14,228,0.97,0.91,201.26,0.201,1.689,5,0.13,0,10.3
51,15,226,1.02,0.91,209.77,0.21,1.899,6,0.14,0,10.9
51,16,225,1.08,0.93,225.99,0.226,2.125,7,0.15,0,11.5
51,17,224,1.11,0.93,231.24,0.231,2.356,8,0.15,1,12.0
51,18,226,1.22,0.96,264.69,0.265,2.621,8,0.18,1,12.3
51,19,225,1.41,0.94,298.21,0.298,2.919,10,0.2,1,13.5
51,20,225,1.31,0.94,277.06,0.277,3.196,8,0.18,1,12.3
51,21,226,1.21,0.95,259.79,0.26,3.456,8,0.17,1,12.2
51,22,226,0.99,0.93,208.08,0.208,3.664,4,0.14,0,9.9
51,23,231,0.71,0.9,147.61,0.148,3.812,4,0.1,0,9.5
52,0,230,0.27,0.8,49.68,0.05,0.05,1,0.03,0,7.3
52,1,228,0.27,0.83,51.09,0.051,0.101,2,0.03,0,7.8
52,2,232,0.28,0.86,55.87,0.056,0.157,2,0.04,0,7.9
52,3,229,0.33,0.83,62.72,0.063,0.22,2,0.04,0,7.9
52,4,234,0.31,0.86,62.38,0.062,0.282,3,0.04,0,8.4
52,5,228,0.38,0.86,74.51,0.075,0.357,1,0.05,0,7.5
52,6,231,0.47,0.85,92.28,0.092,0.449,1,0.06,0,7.6
52,7,229,0.55,0.86,108.32,0.108,0.557,3,0.07,0,8.7
52,8,229,0.63,0.87,125.51,0.126,0.683,3,0.08,0,8.8
52,9,231,0.67,0.89,137.75,0.138,0.821,2,0.09,0,8.4
52,10,228,0.69,0.89,140.01,0.14,0.961,2,0.09,0,8.4
52,11,232,0.78,0.9,162.86,0.163,1.124,6,0.11,0,10.6
52,12,232,0.85,0.9,177.48,0.177,1.301,6,0.12,0,10.7
52,13,229,0.9,0.93,191.67,0.192,1.493,4,0.13,0,9.8
52,14,228,0.93,0.92,195.08,0.195,1.688,4,0.13,0,9.8
52,15,228,0.94,0.92,197.17,0.197,1.885,4,0.13,0,9.8
52,16,228,1.1,0.92,230.74,0.231,2.116,7,0.15,0,11.5
52,17,228,1.18,0.95,255.59,0.256,2.372,8,0.17,1,12.2
52,18,224,1.2,0.96,258.05,0.258,2.63,8,0.17,1,12.2
52,19,227,1.45,0.95,312.69,0.313,2.943,9,0.21,1,13.1
52,20,227,1.36,0.96,296.37,0.296,3.239,10,0.2,1,13.5
52,21,229,1.25,0.94,269.07,0.269,3.508,8,0.18,1,12.3
52,22,230,1.05,0.92,222.18,0.222,3.73,7,0.15,0,11.5
52,23,231,0.78,0.89,160.36,0.16,3.89,4,0.11,0,9.6
53,0,231,0.33,0.8,60.98,0.061,0.061,1,0.04,0,7.4
53,1,228,0.33,0.84,63.2,0.063,0.124,1,0.04,0,7.4
53,2,230,0.3,0.82,56.58,0.057,0.181,3,0.04,0,8.4
53,3,232,0.35,0.83,67.4,0.067,0.248,2,0.04,0,7.9
53,4,233,0.25,0.83,48.35,0.048,0.296,2,0.03,0,7.8
53,5,228,0.33,0.86,64.71,0.065,0.361,2,0.04,0,7.9
53,6,227,0.46,0.85,88.76,0.089,0.45,3,0.06,0,8.6
53,7,226,0.52,0.87,102.24,0.102,0.552,1,0.07,0,7.7
53,8,230,0.7,0.87,140.07,0.14,0.692,2,0.09,0,8.4
53,9,229,0.72,0.87,143.45,0.143,0.835,5,0.1,0,10.0
53,10,231,0.7,0.9,145.53,0.146,0.981,4,0.1,0,9.5
53,11,229,0.81,0.92,170.65,0.171,1.152,4,0.11,0,9.6
53,12,233,0.83,0.91,175.98,0.176,1.328,6,0.12,0,10.7
53,13,231,0.87,0.9,180.87,0.181,1.509,5,0.12,0,10.2
53,14,230,0.96,0.91,200.93,0.201,1.71,4,0.13,0,9.8
53,15,230,0.94,0.95,205.39,0.205,1.915,4,0.14,0,9.9
53,16,229,1.06,0.91,220.89,0.221,2.136,8,0.15,0,12.0
53,17,224,1.12,0.92,230.81,0.231,2.367,8,0.15,1,12.0
53,18,226,1.26,0.93,264.83,0.265,2.632,7,0.18,1,11.8
53,19,226,1.4,0.98,310.07,0.31,2.942,9,0.21,1,13.1
53,20,227,1.34,0.94,285.93,0.286,3.228,7,0.19,1,11.9
53,21,225,1.23,0.95,262.91,0.263,3.491,8,0.18,1,12.3
53,22,230,0.99,0.91,207.21,0.207,3.698,6,0.14,0,10.9
53,23,231,0.75,0.91,157.66,0.158,3.856,4,0.11,0,9.6
54,0,229,0.32,0.83,60.82,0.061,0.061,3,0.04,0,8.4
54,1,231,0.34,0.82,64.4,0.064,0.125,1,0.04,0,7.4
54,2,232,0.28,0.85,55.22,0.055,0.18,2,0.04,0,7.9
54,3,232,0.3,0.83,57.77,0.058,0.238,3,0.04,0,8.4
54,4,232,0.29,0.84,56.52,0.057,0.295,3,0.04,0,8.4
54,5,228,0.4,0.86,78.43,0.078,0.373,3,0.05,0,8.5
54,6,230,0.46,0.84,88.87,0.089,0.462,2,0.06,0,8.1
54,7,230,0.6,0.89,122.82,0.123,0.585,3,0.08,0,8.8
54,8,228,0.64,0.9,131.33,0.131,0.716,3,0.09,0,8.9
54,9,231,0.63,0.89,129.52,0.13,0.846,1,0.09,0,7.9
54,10,231,0.69,0.9,143.45,0.143,0.989,4,0.1,0,9.5
54,11,229,0.79,0.89,161.01,0.161,1.15,6,0.11,0,10.6
54,12,233,0.87,0.9,182.44,0.182,1.332,4,0.12,0,9.7
54,13,231,0.89,0.9,185.03,0.185,1.517,4,0.12,0,9.7
54,14,230,0.97,0.94,209.71,0.21,1.727,5,0.14,0,10.4
54,15,227,0.98,0.92,204.66,0.205,1.932,6,0.14,0,10.9
54,16,229,1.02,0.92,214.89,0.215,2.147,4,0.14,0,9.9
54,17,228,1.16,0.96,253.9,0.254,2.401,7,0.17,1,11.7
54,18,224,1.21,0.96,260.2,0.26,2.661,8,0.17,1,12.2
54,19,225,1.45,0.95,309.94,0.31,2.971,10,0.21,1,13.6
54,20,228,1.34,0.96,293.3,0.293,3.264,9,0.2,1,13.0
54,21,229,1.23,0.96,270.4,0.27,3.534,7,0.18,1,11.8
54,22,230,0.95,0.9,196.65,0.197,3.731,6,0.13,0,10.8
54,23,227,0.74,0.9,151.18,0.151,3.882,4,0.1,0,9.5
55,0,233,0.28,0.83,54.15,0.054,0.054,3,0.04,0,8.4
55,1,232,0.32,0.83,61.62,0.062,0.116,1,0.04,0,7.4
55,2,230,0.29,0.84,56.03,0.056,0.172,2,0.04,0,7.9
55,3,230,0.29,0.84,56.03,0.056,0.228,2,0.04,0,7.9
55,4,233,0.29,0.85,57.43,0.057,0.285,1,0.04,0,7.4
55,5,229,0.36,0.85,70.07,0.07,0.355,1,0.05,0,7.5
55,6,230,0.49,0.85,95.8,0.096,0.451,1,0.06,0,7.6
55,7,229,0.58,0.86,114.23,0.114,0.565,3,0.08,0,8.8
55,8,226,0.62,0.89,124.71,0.125,0.69,2,0.08,0,8.3
55,9,227,0.64,0.88,127.85,0.128,0.818,1,0.09,0,7.9
55,10,228,0.68,0.9,139.54,0.14,0.958,1,0.09,0,7.9
55,11,228,0.75,0.91,155.61,0.156,1.114,6,0.1,0,10.5
55,12,233,0.82,0.9,171.95,0.172,1.286,4,0.11,0,9.6
55,13,232,0.85,0.89,175.51,0.176,1.462,4,0.12,0,9.7
55,14,229,0.96,0.9,197.86,0.198,1.66,6,0.13,0,10.8
55,15,229,0.99,0.95,215.37,0.215,1.875,4,0.14,0,9.9
55,16,225,1.08,0.93,225.99,0.226,2.101,8,0.15,0,12.0
55,17,228,1.17,0.94,250.75,0.251,2.352,8,0.17,1,12.2
55,18,227,1.28,0.95,276.03,0.276,2.628,7,0.18,1,11.8
55,19,223,1.44,0.95,305.06,0.305,2.933,10,0.2,1,13.5
55,20,227,1.32,0.94,281.66,0.282,3.215,7,0.19,1,11.9
55,21,227,1.18,0.93,249.11,0.249,3.464,7,0.17,1,11.7
55,22,230,1.04,0.92,220.06,0.22,3.684,7,0.15,0,11.5
55,23,229,0.71,0.89,144.71,0.145,3.829,5,0.1,0,10.0
56,0,229,0.24,0.82,45.07,0.045,0.045,3,0.03,0,8.3
56,1,232,0.28,0.85,55.22,0.055,0.1,1,0.04,0,7.4
56,2,230,0.34,0.84,65.69,0.066,0.166,1,0.04,0,7.4
56,3,232,0.29,0.83,55.84,0.056,0.222,2,0.04,0,7.9
56,4,231,0.25,0.86,49.66,0.05,0.272,2,0.03,0,7.8
56,5,231,0.34,0.85,66.76,0.067,0.339,2,0.04,0,7.9
56,6,230,0.46,0.87,92.05,0.092,0.431,1,0.06,0,7.6
56,7,226,0.58,0.88,115.35,0.115,0.546,1,0.08,0,7.8
56,8,228,0.66,0.9,135.43,0.135,0.681,3,0.09,0,8.9
56,9,231,0.7,0.89,143.91,0.144,0.825,5,0.1,0,10.0
56,10,231,0.69,0.9,143.45,0.143,0.968,4,0.1,0,9.5
56,11,230,0.79,0.91,165.35,0.165,1.133,6,0.11,0,10.6
56,12,232,0.81,0.9,169.13,0.169,1.302,4,0.11,0,9.6
56,13,232,0.83,0.89,171.38,0.171,1.473,6,0.11,0,10.6
56,14,228,0.94,0.93,199.32,0.199,1.672,6,0.13,0,10.8
56,15,229,0.97,0.94,208.8,0.209,1.881,4,0.14,0,9.9
56,16,227,1.09,0.94,232.58,0.233,2.114,8,0.16,0,12.1
56,17,228,1.12,0.92,234.93,0.235,2.349,8,0.16,1,12.1
56,18,227,1.24,0.97,273.04,0.273,2.622,8,0.18,1,12.3
56,19,223,1.42,0.96,303.99,0.304,2.926,10,0.2,1,13.5
56,20,227,1.35,0.97,297.26,0.297,3.223,9,0.2,1,13.0
56,21,227,1.17,0.94,249.65,0.25,3.473,8,0.17,1,12.2
56,22,226,1.01,0.94,214.56,0.215,3.688,6,0.14,0,10.9
56,23,228,0.78,0.9,160.06,0.16,3.848,6,0.11,0,10.6
57,0,233,0.27,0.8,50.33,0.05,0.05,3,0.03,0,8.3
57,1,228,0.34,0.81,62.79,0.063,0.113,3,0.04,0,8.4
57,2,230,0.33,0.85,64.52,0.065,0.178,1,0.04,0,7.4
57,3,229,0.32,0.85,62.29,0.062,0.24,1,0.04,0,7.4
57,4,232,0.34,0.85,67.05,0.067,0.307,3,0.04,0,8.4
57,5,228,0.41,0.84,78.52,0.079,0.386,2,0.05,0,8.0
57,6,231,0.42,0.85,82.47,0.082,0.468,2,0.05,0,8.0
57,7,226,0.58,0.87,114.04,0.114,0.582,2,0.08,0,8.3
57,8,226,0.62,0.87,121.9,0.122,0.704,3,0.08,0,8.8
57,9,228,0.63,0.89,127.84,0.128,0.832,2,0.09,0,8.4
57,10,232,0.7,0.88,142.91,0.143,0.975,6,0.1,0,10.5
57,11,228,0.78,0.9,160.06,0.16,1.135,6,0.11,0,10.6
57,12,231,0.83,0.91,174.47,0.174,1.309,4,0.12,0,9.7
57,13,228,0.91,0.89,184.66,0.185,1.494,5,0.12,0,10.2
57,14,231,0.92,0.93,197.64,0.198,1.692,5,0.13,0,10.3
57,15,226,1.01,0.94,214.56,0.215,1.907,4,0.14,0,9.9
57,16,229,1.08,0.93,230.01,0.23,2.137,7,0.15,0,11.5
57,17,228,1.15,0.93,243.85,0.244,2.381,7,0.16,1,11.6
57,18,226,1.2,0.94,254.93,0.255,2.636,7,0.17,1,11.7
57,19,223,1.43,0.94,299.76,0.3,2.936,9,0.2,1,13.0
57,20,228,1.31,0.94,280.76,0.281,3.217,8,0.19,1,12.4
57,21,226,1.16,0.95,249.05,0.249,3.466,7,0.17,1,11.7
57,22,228,0.95,0.92,199.27,0.199,3.665,5,0.13,0,10.3
57,23,231,0.79,0.9,164.24,0.164,3.829,4,0.11,0,9.6
58,0,230,0.32,0.81,59.62,0.06,0.06,2,0.04,0,7.9
58,1,231,0.31,0.82,58.72,0.059,0.119,3,0.04,0,8.4
58,2,231,0.27,0.83,51.77,0.052,0.171,3,0.03,0,8.3
58,3,229,0.3,0.85,58.4,0.058,0.229,1,0.04,0,7.4
58,4,230,0.26,0.84,50.23,0.05,0.279,1,0.03,0,7.3
58,5,232,0.33,0.85,65.08,0.065,0.344,3,0.04,0,8.4
58,6,230,0.4,0.87,80.04,0.08,0.424,1,0.05,0,7.5
58,7,226,0.57,0.86,110.79,0.111,0.535,1,0.07,0,7.7
58,8,230,0.66,0.86,130.55,0.131,0.666,1,0.09,0,7.9
58,9,229,0.68,0.87,135.48,0.135,0.801,3,0.09,0,8.9
58,10,229,0.69,0.89,140.63,0.141,0.942,2,0.09,0,8.4
58,11,231,0.78,0.9,162.16,0.162,1.104,4,0.11,0,9.6
58,12,233,0.87,0.9,182.44,0.182,1.286,6,0.12,0,10.7
58,13,230,0.86,0.92,181.98,0.182,1.468,5,0.12,0,10.2
58,14,229,0.88,0.92,185.4,0.185,1.653,6,0.12,0,10.7
58,15,230,0.99,0.92,209.48,0.209,1.862,5,0.14,0,10.4
58,16,226,1.08,0.91,222.11,0.222,2.084,8,0.15,0,12.0
58,17,224,1.17,0.96,251.6,0.252,2.336,7,0.17,1,11.7
58,18,227,1.25,0.94,266.72,0.267,2.603,8,0.18,1,12.3
58,19,227,1.41,0.97,310.47,0.31,2.913,10,0.21,1,13.6
58,20,226,1.3,0.95,279.11,0.279,3.192,7,0.19,1,11.9
58,21,226,1.16,0.95,249.05,0.249,3.441,7,0.17,1,11.7
58,22,230,0.95,0.9,196.65,0.197,3.638,6,0.13,0,10.8
58,23,227,0.72,0.9,147.1,0.147,3.785,4,0.1,0,9.5
59,0,232,0.29,0.81,54.5,0.054,0.054,1,0.04,0,7.4
59,1,228,0.27,0.84,51.71,0.052,0.106,1,0.03,0,7.3
59,2,232,0.33,0.84,64.31,0.064,0.17,3,0.04,0,8.4
59,3,229,0.33,0.83,62.72,0.063,0.233,3,0.04,0,8.4
59,4,231,0.27,0.84,52.39,0.052,0.285,3,0.03,0,8.3
59,5,228,0.33,0.85,63.95,0.064,0.349,1,0.04,0,7.4
59,6,231,0.48,0.86,95.36,0.095,0.444,2,0.06,0,8.1
59,7,226,0.5,0.85,96.05,0.096,0.54,1,0.06,0,7.6
59,8,229,0.66,0.9,136.03,0.136,0.676,2,0.09,0,8.4
59,9,230,0.72,0.89,147.38,0.147,0.823,5,0.1,0,10.0
59,10,231,0.75,0.88,152.46,0.152,0.975,6,0.1,0,10.5
59,11,232,0.8,0.89,165.18,0.165,1.14,5,0.11,0,10.1
59,12,229,0.88,0.93,187.41,0.187,1.327,6,0.12,0,10.7
59,13,229,0.89,0.91,185.47,0.185,1.512,4,0.12,0,9.7
59,14,230,0.91,0.92,192.56,0.193,1.705,5,0.13,0,10.3
59,15,227,1.01,0.91,208.64,0.209,1.914,4,0.14,0,9.9
59,16,228,1.02,0.92,213.96,0.214,2.128,4,0.14,0,9.9
59,17,227,1.16,0.96,252.79,0.253,2.381,7,0.17,1,11.7
59,18,227,1.24,0.93,261.78,0.262,2.643,8,0.17,1,12.2
59,19,226,1.39,0.95,298.43,0.298,2.941,9,0.2,1,13.0
59,20,227,1.36,0.94,290.2,0.29,3.231,7,0.19,1,11.9
59,21,227,1.15,0.95,248.0,0.248,3.479,7,0.17,1,11.7
59,22,229,0.98,0.93,208.71,0.209,3.688,5,0.14,0,10.4
59,23,231,0.73,0.9,151.77,0.152,3.84,6,0.1,0,10.5
60,0,230,0.26,0.84,50.23,0.05,0.05,3,0.03,0,8.3
60,1,229,0.26,0.82,48.82,0.049,0.099,3,0.03,0,8.3
60,2,232,0.3,0.82,57.07,0.057,0.156,3,0.04,0,8.4
60,3,232,0.32,0.83,61.62,0.062,0.218,3,0.04,0,8.4
60,4,230,0.35,0.83,66.81,0.067,0.285,3,0.04,0,8.4
60,5,228,0.4,0.85,77.52,0.078,0.363,2,0.05,0,8.0
60,6,231,0.44,0.84,85.38,0.085,0.448,1,0.06,0,7.6
60,7,229,0.58,0.86,114.23,0.114,0.562,2,0.08,0,8.3
60,8,228,0.68,0.86,133.33,0.133,0.695,1,0.09,0,7.9
60,9,228,0.72,0.87,142.82,0.143,0.838,4,0.1,0,9.5
60,10,229,0.72,0.89,146.74,0.147,0.985,6,0.1,0,10.5
60,11,228,0.76,0.91,157.68,0.158,1.143,5,0.11,0,10.1
60,12,229,0.89,0.9,183.43,0.183,1.326,4,0.12,0,9.7
60,13,229,0.87,0.93,185.28,0.185,1.511,5,0.12,0,10.2
60,14,228,0.97,0.92,203.47,0.203,1.714,6,0.14,0,10.9
60,15,229,0.94,0.95,204.5,0.204,1.918,6,0.14,0,10.9
60,16,226,1.01,0.93,212.28,0.212,2.13,4,0.14,0,9.9
60,17,228,1.19,0.94,255.04,0.255,2.385,7,0.17,1,11.7
60,18,226,1.26,0.94,267.67,0.268,2.653,7,0.18,1,11.8
60,19,224,1.4,0.98,307.33,0.307,2.96,9,0.2,1,13.0
60,20,224,1.37,0.94,288.47,0.288,3.248,7,0.19,1,11.9
60,21,227,1.15,0.94,245.39,0.245,3.493,8,0.16,1,12.1
60,22,227,0.95,0.91,196.24,0.196,3.689,5,0.13,0,10.3
60,23,227,0.71,0.9,145.05,0.145,3.834,4,0.1,0,9.5
